{
   "content" : [
      {
         "path" : ".mcattributes"
      },
      {
         "path": "ui/csb_screen.json"
      },
      {
         "path" : "Changelog.txt"
      },
      {
         "path" : "texts/fr_FR.lang"
      },
      {
         "path" : "pack_icon.png"
      },
      {
         "path" : "subpacks/performance/ui/pocket_containers.json"
      },
      {
         "path" : "contents.json"
      },
      {
         "path" : "sounds/sound_definitions.json"
      },
      {
         "path" : "texts/nb_NO.lang"
      },
      {
         "path" : "texts/zh_TW.lang"
      },
      {
         "path" : "manifest.json"
      },
      {
         "path" : "sounds/random/click"
      },
      {
         "path" : "ui/store_gift_promotion_screen.json"
      },
      {
         "path" : "texts/nl_NL.lang"
      },
      {
         "path" : "README.txt"
      },
      {
         "path" : "subpacks/vanilla_default/ui/play_screen.json"
      },
      {
         "path" : "textures/ui/chat_visibility_burst_frame.png"
      },
      {
         "path" : "texts/ja_JP.lang"
      },
      {
         "path" : "splashes.json"
      },
      {
         "path" : "texts/id_ID.lang"
      },
      {
         "path" : "texts/it_IT.lang"
      },
      {
         "path" : "ui/safe_zone_screen.json"
      },
      {
         "path" : "subpacks/default/empty.txt"
      },
      {
         "path" : "ui/.tyel_assets/tOuYZFhusJA="
      },
      {
         "path" : "subpacks/performance/ui/.tyel_assets/.tyel_percentage_translator_prototype.json"
      },
      {
         "path" : "subpacks/performance/ui/.tyel_assets/wMx+j2k4inA="
      },
      {
         "path" : "textures/ui/server_icons/galaxite.png"
      },
      {
         "path" : "subpacks/performance/ui/.tyel_assets/Dyaybe7xLrA="
      },
      {
         "path" : "ui/debug_screen.json"
      },
      {
         "path" : "subpacks/performance/ui/.tyel_assets/P5+LIJEMy1A="
      },
      {
         "path" : "texts/zh_CN.lang"
      },
      {
         "path" : "texts/pt_BR.lang"
      },
      {
         "path" : "ui/ui_template_buttons.json"
      },
      {
         "path" : "ui/anvil_screen.json"
      },
      {
         "path" : "subpacks/vanilla_default/ui/.tyel_assets/P5+LIJEMy1A="
      },
      {
         "path" : "texts/en_US.lang"
      },
      {
         "path" : "ui/how_to_play_screen.json"
      },
      {
         "path" : "subpacks/vanilla_default/ui/npc_interact_screen.json"
      },
      {
         "path" : "subpacks/vanilla_default/ui/popup_dialog.json"
      },
      {
         "path" : "textures/ui/player_online_glyph.png"
      },
      {
         "path" : "subpacks/vanilla_default/ui/ui_template_dialogs.json"
      },
      {
         "path" : "textures/ui/auto_place_glyph.png"
      },
      {
         "path" : "ui/.tyel_assets/lUA1iXrviSA="
      },
      {
         "path" : "subpacks/vanilla_default/ui/xbl_friend_finder.json"
      },
      {
         "path" : "texts/bg_BG.lang"
      },
      {
         "path" : "texts/vi_VN.lang"
      },
      {
         "path" : "ui/pack_settings_screen.json"
      },
      {
         "path" : "texts/cs_CZ.lang"
      },
      {
         "path" : "texts/pt_PT.lang"
      },
      {
         "path" : "texts/da_DK.lang"
      },
      {
         "path" : "texts/de_DE.lang"
      },
      {
         "path" : "ui/redstone_screen.json"
      },
      {
         "path" : "texts/fi_FI.lang"
      },
      {
         "path" : "texts/el_GR.lang"
      },
      {
         "path" : "texts/en_base.lang"
      },
      {
         "path" : "texts/fr_CA.lang"
      },
      {
         "path" : "textures/textures_list.json"
      },
      {
         "path" : "texts/en_GB.lang"
      },
      {
         "path" : "ui/pause_screen.json"
      },
      {
         "path" : "texts/es_ES.lang"
      },
      {
         "path" : "textures/ui/arrow_up_white.png"
      },
      {
         "path" : "texts/pl_PL.lang"
      },
      {
         "path" : "texts/es_MX.lang"
      },
      {
         "path" : "texts/hu_HU.lang"
      },
      {
         "path" : "texts/ko_KR.lang"
      },
      {
         "path" : "texts/ru_RU.lang"
      },
      {
         "path" : "textures/ui/auto_place_glyph_horizontal.png"
      },
      {
         "path" : "texts/tr_TR.lang"
      },
      {
         "path" : "ui/ui_template_toggles.json"
      },
      {
         "path" : "texts/sk_SK.lang"
      },
      {
         "path" : "texts/sv_SE.lang"
      },
      {
         "path" : "texts/uk_UA.lang"
      },
      {
         "path" : "textures/custom_panorama.png"
      },
      {
         "path" : "textures/ui/arrowUp.png"
      },
      {
         "path" : "textures/ui/arrow_down_white.png"
      },
      {
         "path" : "ui/store_inventory_screen.json"
      },
      {
         "path" : "textures/ui/chat_autocomplete.png"
      },
      {
         "path" : "textures/ui/chat_autocompleteback.png"
      },
      {
         "path" : "textures/ui/chat_next.png"
      },
      {
         "path" : "textures/ui/chat_previous.png"
      },
      {
         "path" : "ui/.tyel_assets/qYoekZ5_PXA="
      },
      {
         "path" : "textures/ui/drop_glyph.png"
      },
      {
         "path" : "textures/ui/item_highlighter_icon_burst.png"
      },
      {
         "path" : "ui/npc_interact_screen.json"
      },
      {
         "path" : "ui/.tyel_assets/G65xATUZsUA="
      },
      {
         "path" : "textures/ui/marketplace_error_graphic_anim_tree.json"
      },
      {
         "path" : "textures/ui/marketplace_error_graphic_anim_tree.png"
      },
      {
         "path" : "textures/ui/menu_threedots.png"
      },
      {
         "path" : "textures/ui/pack_rank_icon.png"
      },
      {
         "path" : "textures/ui/tyel_badge_bg.png"
      },
      {
         "path" : "textures/ui/permissions_custom.png"
      },
      {
         "path" : "textures/ui/player_online_icon.png"
      },
      {
         "path" : "textures/ui/permissions_member.png"
      },
      {
         "path" : "ui/stonecutter_screen_pocket.json"
      },
      {
         "path" : "textures/ui/permissions_op.png"
      },
      {
         "path" : "textures/ui/permissions_visitor.png"
      },
      {
         "path" : "textures/ui/player_online_glyph_no_dot.png"
      },
      {
         "path" : "textures/ui/player_online_green_dot.png"
      },
      {
         "path" : "textures/ui/server_icons/cubecraft.png"
      },
      {
         "path" : "textures/ui/server_icons/hive_bedrock.png"
      },
      {
         "path" : "textures/ui/server_icons/hive_bedrock_nobg.png"
      },
      {
         "path" : "ui/ui_template_dialogs.json"
      },
      {
         "path" : "textures/ui/server_icons/lifeboat.png"
      },
      {
         "path" : "ui/smithing_table_2_screen.json"
      },
      {
         "path" : "textures/ui/server_icons/nethergames.png"
      },
      {
         "path" : "textures/ui/server_icons/zeqa.png"
      },
      {
         "path" : "textures/ui/tyel_about_icon.png"
      },
      {
         "path" : "textures/ui/tyel_badge_checked.png"
      },
      {
         "path" : "Ty-el Theme Instructions.txt"
      },
      {
         "path" : "tyel_logo_signed.png"
      },
      {
         "path" : "ui/.tyel_assets/.tyel_about_screen.json"
      },
      {
         "path" : "ui/book_screen.json"
      },
      {
         "path" : "ui/.tyel_assets/.tyel_percentage_translator_prototype.json"
      },
      {
         "path" : "ui/.tyel_assets/.tyel_about_screen_common.json"
      },
      {
         "path" : "ui/.tyel_assets/.tyel_auto_place.json"
      },
      {
         "path" : "ui/.tyel_assets/.tyel_compatibility_mode.json"
      },
      {
         "path" : "ui/store_common.json"
      },
      {
         "path" : "ui/.tyel_assets/0bv3eBSBqDA="
      },
      {
         "path" : "ui/smithing_table_screen.json"
      },
      {
         "path" : "ui/disconnect_screen.json"
      },
      {
         "path" : "ui/.tyel_assets/9FM+P5skJVA="
      },
      {
         "path" : "ui/.tyel_assets/9md_vb7wXIA="
      },
      {
         "path" : "ui/.tyel_assets/cT1M_1x+ieA="
      },
      {
         "path" : "ui/.tyel_assets/Dyaybe7xLrA="
      },
      {
         "path" : "ui/.tyel_assets/f3Fglw03WKA="
      },
      {
         "path" : "ui/.tyel_assets/lA4A+hdi2QA="
      },
      {
         "path" : "ui/.tyel_assets/LcfNyvoUOoA="
      },
      {
         "path" : "ui/.tyel_assets/n2xHQ9++9tA="
      },
      {
         "path" : "ui/.tyel_assets/NOgxJEQ_wLA="
      },
      {
         "path" : "ui/.tyel_assets/nzVPEtaqaeA="
      },
      {
         "path" : "ui/.tyel_assets/P5+LIJEMy1A="
      },
      {
         "path" : "ui/chat_settings_menu_screen.json"
      },
      {
         "path" : "ui/.tyel_assets/P6_JPNfWXnA="
      },
      {
         "path" : "ui/.tyel_assets/RwQVAjjFWQA="
      },
      {
         "path" : "ui/.tyel_assets/tpq_YjjSgaA="
      },
      {
         "path" : "ui/.tyel_assets/uftzVBg5S_A="
      },
      {
         "path" : "ui/profile_screen_deprecated.json"
      },
      {
         "path" : "ui/.tyel_assets/wMx+j2k4inA="
      },
      {
         "path" : "ui/.tyel_assets/yrMA0+v7gfA="
      },
      {
         "path" : "ui/pdp_screenshots_section.json"
      },
      {
         "path" : "ui/.tyel_assets/_Q6M23s6vPA="
      },
      {
         "path" : "ui/add_external_server_screen.json"
      },
      {
         "path" : "ui/beacon_screen.json"
      },
      {
         "path" : "ui/brewing_stand_screen.json"
      },
      {
         "path" : "ui/brewing_stand_screen_pocket.json"
      },
      {
         "path" : "ui/cartography_screen.json"
      },
      {
         "path" : "ui/chat_screen.json"
      },
      {
         "path" : "ui/chest_screen.json"
      },
      {
         "path" : "ui/command_block_screen.json"
      },
      {
         "path" : "ui/comment_screen.json"
      },
      {
         "path" : "ui/content_log.json"
      },
      {
         "path" : "ui/content_log_history_screen.json"
      },
      {
         "path" : "ui/create_world_upsell_screen.json"
      },
      {
         "path" : "ui/credits_screen.json"
      },
      {
         "path" : "ui/death_screen.json"
      },
      {
         "path" : "ui/display_logged_error_screen.json"
      },
      {
         "path" : "ui/emote_wheel_screen.json"
      },
      {
         "path" : "ui/emote_wheel_screen_deprecated.json"
      },
      {
         "path" : "ui/enchanting_screen.json"
      },
      {
         "path" : "ui/feed_common.json"
      },
      {
         "path" : "ui/feed_screen.json"
      },
      {
         "path" : "ui/file_upload_screen.json"
      },
      {
         "path" : "ui/furnace_screen.json"
      },
      {
         "path" : "ui/furnace_screen_pocket.json"
      },
      {
         "path" : "ui/gathering_info_screen.json"
      },
      {
         "path" : "ui/grindstone_screen.json"
      },
      {
         "path" : "ui/horse_screen.json"
      },
      {
         "path" : "ui/how_to_play_common.json"
      },
      {
         "path" : "ui/ui_common.json"
      },
      {
         "path" : "ui/hud_screen.json"
      },
      {
         "path" : "ui/inventory_screen.json"
      },
      {
         "path" : "ui/inventory_screen_pocket.json"
      },
      {
         "path" : "ui/invite_screen.json"
      },
      {
         "path" : "ui/in_bed_screen.json"
      },
      {
         "path" : "ui/jigsaw_editor_screen.json"
      },
      {
         "path" : "ui/loom_screen.json"
      },
      {
         "path" : "ui/loom_screen_pocket.json"
      },
      {
         "path" : "ui/manifest_validation_screen.json"
      },
      {
         "path" : "ui/mob_effect_screen.json"
      },
      {
         "path" : "ui/online_safety_screen.json"
      },
      {
         "path" : "ui/xbl_report_user.json"
      },
      {
         "path" : "ui/patch_notes_screen.json"
      },
      {
         "path" : "ui/pdp_screen.json"
      },
      {
         "path" : "ui/permissions_screen.json"
      },
      {
         "path" : "ui/persona_screen.json"
      },
      {
         "path" : "ui/persona_screen_deprecated.json"
      },
      {
         "path" : "ui/play_screen.json"
      },
      {
         "path" : "ui/pocket_containers.json"
      },
      {
         "path" : "ui/realms_pending_invitations.json"
      },
      {
         "path" : "ui/popup_dialog.json"
      },
      {
         "path" : "ui/profile_card.json"
      },
      {
         "path" : "ui/profile_screen.json"
      },
      {
         "path" : "ui/progress_screen.json"
      },
      {
         "path" : "ui/realmsPlus_screen.json"
      },
      {
         "path" : "ui/xbl_friend_finder.json"
      },
      {
         "path" : "ui/realmsPlus_sections/realmsPlus_view_packs_screen.json"
      },
      {
         "path" : "ui/resource_packs_screen.json"
      },
      {
         "path" : "ui/scoreboards.json"
      },
      {
         "path" : "ui/screenshot_picker_screen.json"
      },
      {
         "path" : "ui/server_form.json"
      },
      {
         "path" : "ui/settings_screen.json"
      },
      {
         "path" : "ui/settings_sections/controls_section.json"
      },
      {
         "path" : "ui/settings_sections/general_section.json"
      },
      {
         "path" : "ui/settings_sections/quick_settings_section.json"
      },
      {
         "path" : "ui/settings_sections/realms_world_section.json"
      },
      {
         "path" : "ui/settings_sections/settings_common.json"
      },
      {
         "path" : "ui/settings_sections/world_section.json"
      },
      {
         "path" : "ui/_pause_world_title.json"
      },
      {
         "path" : "ui/sidebar_navigation.json"
      },
      {
         "path" : "ui/sign_screen.json"
      },
      {
         "path" : "ui/start_screen.json"
      },
      {
         "path" : "ui/stonecutter_screen.json"
      },
      {
         "path" : "ui/storage_management.json"
      },
      {
         "path" : "ui/store_data_driven_screen.json"
      },
      {
         "path" : "ui/store_filter_menu_screen.json"
      },
      {
         "path" : "ui/store_sort_menu_screen.json"
      },
      {
         "path" : "ui/structure_editor_screen.json"
      },
      {
         "path" : "ui/tabbed_upsell_screen.json"
      },
      {
         "path" : "ui/toast_screen.json"
      },
      {
         "path" : "ui/trade_2_screen.json"
      },
      {
         "path" : "ui/trade_2_screen_pocket.json"
      },
      {
         "path" : "ui/ugc_viewer_screen.json"
      },
      {
         "path" : "ui/ui_template_tabs.json"
      },
      {
         "path" : "ui/update_dimensions.json"
      },
      {
         "path" : "ui/win10_trial_conversion_screen.json"
      },
      {
         "path" : "ui/world_templates_screen.json"
      },
      {
         "path" : "ui/xbl_first_launch.json"
      },
      {
         "path" : "ui/_global_variables.json"
      },
      {
         "path" : "ui/_tyel_theme_template.json"
      },
      {
         "path" : "ui/_ui_defs.json"
      }
   ],
   "version" : 1
}
