{
  "namespace": "hud",
  "anim_actionbar_text_alpha_out": {
    "anim_type": "alpha",
    "easing": "in_expo",
    "from": 1.0,
    "to": 0,
    "destroy_at_end": "hud_actionbar_text"
  },
  "anim_actionbar_text_background_alpha_out": {
    "anim_type": "alpha",
    "easing": "in_expo",
    "from": 0.6,
    "to": 0,
    "destroy_at_end": "hud_actionbar_text"
  },
  "hud_actionbar_text": {
    "type": "image",
    "size": ["100%c + 12px", "100%c + 5px"],
    "anchor_from": "top_middle",
    "offset": [0, "45%c + 22px"],
    "texture": "textures/ui/waio",
    "alpha": "@hud.anim_actionbar_text_background_alpha_out",
    "controls": [
      {
        "actionbar_message": {
          "type": "label",
          "anchor_from": "center",
          "anchor_to": "center",
          "color": "$tool_tip_text",
          "layer": 31,
          "text": "$actionbar_text",
          "localize": false,
          "alpha": "@hud.anim_actionbar_text_alpha_out"
        }
      }
    ]
  }
}
