{
  "slots_panel": {
    "layer": 5
  },

  "slots_panel/brewing_arrow_panel": {
    "modifications": [
      {
        "array_name": "controls",
        "operation": "insert_back",
        "value": [
          {
            "brewing_arrow_progress@brewing_stand.brewing_arrow_progress": {
              "anchor_from": "center",
              "anchor_to": "left_middle",
              "offset": [ 4, 0 ]
            }
          }
        ]
      }
    ]
  },

  "slots_panel/brewing_fuel_bar_panel": {
    "modifications": [
      {
        "array_name": "controls",
        "operation": "insert_back",
        "value": [
          {
            "brewing_fuel_progress@brewing_stand.brewing_fuel_progress": {
              "anchor_from": "center",
              "anchor_to": "center",
              "offset": [ 0, 9 ]
            }
          }
        ]
      }
    ]
  }
}