{
  "anim_content_log_bg_offset_pop": {
    "anim_type": "offset",
    "easing": "out_expo",
    "duration": 0.5,
    "from": [ "50%", 0 ],
    "to": [ 0, 0 ],
    "next": "@content_log.anim_content_log_bg_offset_wait"
  },

  "anim_content_log_bg_offset_wait": {
    "anim_type": "wait",
    "duration": "($content_log_item_lifetime - 0.2)",
    "next": "@content_log.anim_content_log_bg_offset_push"
  },

  "anim_content_log_bg_offset_push": {
    "anim_type": "offset",
    "easing": "in_expo",
    "duration": 0.5,
    "from": [ 0, 0 ],
    "to": [ "50%", 0 ]
  },

  "content_log_label": {
    "size": [ "100% - 100px", "default" ],
    "hide_hyphen": true,
    "font_type": "default"
  },

  "content_log_grid_item/content_log_background": {
    "size": [ "100% + 100px", "100%c" ],
    "anchor_from": "top_left",
    "anchor_to": "top_left",
    "offset": "@content_log.anim_content_log_bg_offset_pop"
  },

  "content_log_panel": {
    "anchor_from": "top_right",
    "anchor_to": "top_right",
    "size": [ "50% - 30px", "100%c" ],
    "max_size": [ "50% - 30px", "80%" ]
  }
}