{
  "anim_background_scroll": {
    "to": [ 0, "-40%y" ],
    "next": "@credits.anim_background_scroll"
  },

  "fade_in_image": {
    "size": [ "150%", "150%" ],
    "layer": 30
  },

  "credits_screen_content/fade_in_image": {
    "layer": 30
  },

  "credits_screen_background": {
    "type": "panel",
    "size": [ "100%", "100%" ],
    "clips_children": true,
    "controls": [
      {
        "background@credits.background": {}
      }
    ]
  },

  "credits_screen": {
    "$screen_bg_content": "credits.credits_screen_background"
  }
}