{
  "content_area/control/scrolling_panel_csb": {
    "$scroll_view_port_max_size": [ 525, "100%" ]
  },

  "csb_pdp_screen": {
    "variables": [
      {
        "requires": "(not $use_animation)",
        "$screen_animations": [
          "@common.screen_exit_animation_no_offset",
          "@common.screen_exit_animation_pop_fade"
        ],
        "$background_animations": [
          "@common.screen_exit_animation_pop_fade"
        ]
      },
      {
        "requires": "($use_animation or (not $is_sidebar_navigation_enabled))",
        "$screen_animations": [
          "@common.screen_entrance_animation_push_fade",
          "@common.screen_exit_animation_pop_fade"
        ],
        "$background_animations": [
          "@common.screen_exit_animation_pop_fade"
        ]
      }
    ]
  },

  "csb_main_panel/root_panel/main_panel": {
    "$back_button_has_title": false,
    "$screen_header_title": "store.csb",
    "$screen_header_title_binding_type": "none",
    "$store_header_icon": "textures/ui/sidebar_icons/csb_sidebar_icon"
  }
}