{
  "emote_wheel_screen": {
    "$render_bg": true,
    "$screen_bg_content": "persona.emote_wheel_bg_content",
    "$fill_alpha": "$fill_alpha",
    "$is_full_screen_layout": "(not $is_modules_plus)",
    "$is_modules_plus|default": false
  },

  "emote_wheel_bg_content": {
    "type": "panel",
    "controls": [
      {
        "emote_wheel_touch_zone@common_buttons.no_background_content_button": {
          "size": [ "100%", "100%" ],
          "$pressed_button_name": "button.menu_exit",
          "sound_volume": 0,
          "focus_enabled": false,
          "tts_ignore_count": true,
          "tts_skip_message": true,
          "tts_inherit_siblings": true
        }
      }
    ]
  }
}
