{
  "emote_wheel_screen_deprecated": {
    "$render_bg": true,
    "$is_full_screen_layout": "(not $is_modules_plus)",
    "$screen_bg_content": "persona_deprecated.emote_wheel_bg_content",
    "$is_modules_plus|default": false
  },

  "emote_wheel_bg_content": {
    "type": "panel",
    "controls": [
      {
        "emote_wheel_touch_zone@common_buttons.no_background_content_button": {
          "size": [ "100%", "100%" ],
          "$pressed_button_name": "button.menu_exit",
          "sound_volume": 0,
          "focus_enabled": false,
          "tts_ignore_count": true,
          "tts_skip_message": true,
          "tts_inherit_siblings": true
        }
      }
    ]
  },

  "emote_wheel_slot_content/touch_label_0": {
    "text_alignment": "$emote_touch_label_text_alignment",
    "$emote_touch_label_text_alignment|default": "right"
  },

  "emote_wheel_deprecated_screen_content/root_panel/emotes_panel/emote_name": {
    "font_scale_factor": 1,
    "offset": [ 1, 9 ]
  },

  "emote_wheel_deprecated_screen_content/root_panel/emotes_panel/emote_wheel/emote_slot_1_content": {
    "$emote_touch_label_text_alignment": "left",
    "$emote_touch_label_offset": [ 105, -54 ]
  },

  "emote_wheel_deprecated_screen_content/root_panel/emotes_panel/emote_wheel/emote_slot_2_content": {
    "$emote_touch_label_text_alignment": "left",
    "$emote_touch_label_offset": [ 136, -0 ]
  },

  "emote_wheel_deprecated_screen_content/root_panel/emotes_panel/emote_wheel/emote_slot_3_content": {
    "$emote_touch_label_text_alignment": "left",
    "$emote_touch_label_offset": [ 105, 54 ]
  },

  "emote_wheel_deprecated_screen_content/dressing_room_button_panel/dressing_room_button": {
    "focus_change_down": ""
  },

  "emote_wheel_deprecated_screen_content/dressing_room_button_panel": {
    "type": "stack_panel",
    "orientation": "vertical",
    "use_child_anchors": true,
    "modifications": [
      {
        "array_name": "controls",
        "operation": "insert_back",
        "value": [
          {
            "bottom_padding_3": {
              "type": "panel",
              "size": [ "100%", 4 ]
            }
          },
          {
            "exit_button@common_buttons.light_text_button": {
              "$pressed_button_name": "button.menu_exit",
              "size": [ 120, 23 ],
              "enabled": true,
              "$button_text": "gui.exit",
              "$default_text_color": "$light_button_default_text_color",
              "$font_type": "MinecraftTen",
              "$new_ui_label_offset": [ 0, -2 ],

              "focus_change_down": "FOCUS_OVERRIDE_STOP",
              "focus_change_left": "emote_wheel",
              "focus_change_right": "emote_wheel"
            }
          }
        ]
      }
    ]
  }
}
