{
  "new_post_button": { "layer": 30 },
  "new_post_gamepad_option": { "layer": 30 },

  "content": {
    "modifications": [
      {
        "control_name": "top_bar_gradient",
        "operation": "remove"
      }
    ]
  },

  "content/world_name_label_instance": { "layer": 30 },

  "feed_screen": {
    "$screen_bg_content": "feed_common.feed_common_background"
  },

  "feed_screen_content": {
    "modifications": [
      {
        "control_name": "transparent_background",
        "operation": "remove"
      }
    ]
  }
}