{
  "furnace_content/output_panel/output_item": {
    "$container_item_mode_supported": false
  },

  "furnace_content": {
    "modifications": [
      {
        "array_name": "controls",
        "operation": "insert_back",
        "value": [
          {
            "furnace_arrow_progress@furnace.furnace_arrow_progress": {
              "anchor_from": "center",
              "anchor_to": "center",
              "offset": [ 0, -16 ],
              "layer": 4
            }
          },
          {
            "furnace_flame_progress@furnace.furnace_flame_progress": {
              "anchor_from": "center",
              "anchor_to": "right_middle",
              "offset": [ -48, 0 ],
              "layer": 4
            }
          }
        ]
      }
    ]
  }
}