{
  "effect_background": {
    "type": "image",
    "texture": "textures/ui/Black",
    "alpha": 0.4
  },

  "main_background": {
    "type": "image",
    "texture": "textures/ui/Black",
    "alpha": "$fill_alpha",
    "offset": [ "20%", 0 ],
    "size": [ "20% + 204px", "120%" ],
    "anchor_from": "right_middle",
    "anchor_to": "right_middle",
    "$fill_alpha|default": 0.6
  },

  "main_background_left_handed": {
    "type": "image",
    "texture": "textures/ui/Black",
    "alpha": "$fill_alpha",
    "offset": [ "-20%", 0 ],
    "size": [ "20% + 204px", "120%" ],
    "anchor_from": "left_middle",
    "anchor_to": "left_middle",
    "$fill_alpha|default": 0.6
  },

  "close_arrow_image": {
    "type": "image",
    "texture": "textures/ui/Black",
    "alpha": "$fill_alpha",
    "$fill_alpha|default": 0.6,
    "controls": [
      {
        "arrow_image": {
          "type": "image",
          "texture": "textures/ui/arrow_right_white",
          "layer": 1,
          "size": [ 4, 7 ]
        }
      }
    ]
  },

  "close_arrow_image_left_handed": {
    "type": "image",
    "texture": "textures/ui/Black",
    "alpha": "$fill_alpha",
    "$fill_alpha|default": 0.6,
    "controls": [
      {
        "arrow_image": {
          "type": "image",
          "texture": "textures/ui/arrow_left_white",
          "layer": 1,
          "size": [ 4, 7 ]
        }
      }
    ]
  },

  "effect_name": {
    "offset": [ 28, 1 ]
  },

  "effect_timer": {
    "anchor_from": "top_left",
    "anchor_to": "top_left",
    "offset": [ 28, 11 ]
  },

  "effect_icon": {
    "size": [ 18, 18 ],
    "anchor_from": "top_left",
    "anchor_to": "top_left",
    "offset": [ 4, 2 ]
  },

  "effect_divider": {
    "type": "image",
    "texture": "textures/ui/list_item_divider_line_light",
    "anchor_from": "bottom_middle",
    "anchor_to": "bottom_middle",
    "offset": [ 0, -1 ],
    "size": [ "100%", 1 ]
  },

  "mob_effect_grid_item": {
    "size": [ "100%", 24 ],
    "modifications": [
      {
        "array_name": "controls",
        "operation": "insert_back",
        "value": [
          { "effect_divider@mob_effect.effect_divider": { "layer": 1 } }
        ]
      }
    ]
  },

  "mob_effect_grid": {
    "size": [ "100%", "default" ],
    "offset": [ 0, 0 ]
  },

  "mob_effect_grid_left_handed": {
    "size": [ "100%", "default" ],
    "offset": [ 0, 0 ]
  },

  "mob_effect_list_content_panel/scrolling_panel": {
    "size": [ "100%-2px", "100%" ],
    "offset": [ "default", 0 ],
    "$scroll_box_mouse_image_control": "common.scrollbar_box_image",
    "$scroll_size": [ "8px", "100% - 4px" ],
    "$scrolling_pane_size": [ "100%", "default" ]
  },

  "mob_effect_list_content_panel": {
    "size": [ 206, "100%" ],
    "offset": [ 1, 0 ]
  },

  "mob_effect_list_content_panel_left_handed/scrolling_panel": {
    "size": [ "100%-2px", "100%" ],
    "offset": [ "default", 0 ],
    "$scroll_box_mouse_image_control": "common.scrollbar_box_image"
  },

  "mob_effect_list_content_panel_left_handed": {
    "size": [ 206, "100%" ],
    "offset": [ -2, 0 ]
  },

  "close_button_panel": {
    "controls": [
      {
        "bg@mob_effect.close_bg_button": {
        }
      },
      {
        "close_button@common_buttons.transparent_background_button": {
          "size": [ 20, 40 ],
          "$pressed_button_name": "button.menu_continue",
          "$button_content": "mob_effect.close_arrow_image",
          "anchor_from": "right_middle",
          "anchor_to": "right_middle",
          "offset": [ -204, 0 ]
        }
      }
    ]
  },

  "close_button_panel_left_handed": {
    "controls": [
      {
        "bg@mob_effect.close_bg_button": {
        }
      },
      {
        "close_button@common_buttons.transparent_background_button": {
          "size": [ 20, 40 ],
          "$pressed_button_name": "button.menu_continue",
          "$button_content": "mob_effect.close_arrow_image_left_handed",
          "anchor_from": "left_middle",
          "anchor_to": "left_middle",
          "offset": [ 204, 0 ]
        }
      }
    ]
  },

  "mob_effect_screen": {
    "$render_bg": true,
    "$is_full_screen_layout": true,
    "$initial_panel_offset|default": [ "50%", 0 ],
    "$screen_animations": [
      "@mob_effect.mob_effect_entrance_animation_push_offset",
      "@mob_effect.mob_effect_entrance_animation_pop_offset",
      "@mob_effect.mob_effect_exit_animation_push_offset",
      "@mob_effect.mob_effect_exit_animation_pop_offset",
      "@common.screen_exit_animation_push_fade",
      "@common.screen_exit_animation_pop_fade",
      "@common.screen_entrance_animation_push_fade",
      "@common.screen_entrance_animation_pop_fade"
    ],
    "variables": [
      {
        "requires": "(not $is_left_handed)",
        "$main_panel": "mob_effect.mob_effect_content",
        "$initial_panel_offset": [ "50%", 0 ]
      },
      {
        "requires": "$is_left_handed",
        "$main_panel": "mob_effect.mob_effect_content_left_handed",
        "$initial_panel_offset": [ "-50%", 0 ]
      }
    ]
  },

  "mob_effect_exit_animation_push_offset": {
    "anim_type": "offset",
    "easing": "in_out_circ",
    "duration": "$transition_time_push",
    "from": [ 0, 0 ],
    "to": "$initial_panel_offset",
    "$initial_panel_offset|default": [ "50%", 0 ],
    "play_event": "screen.exit_push",
    "end_event": "screen.exit_end"
  },

  "mob_effect_exit_animation_pop_offset": {
    "anim_type": "offset",
    "easing": "in_out_circ",
    "duration": "$transition_time_pop",
    "from": [ 0, 0 ],
    "to": "$initial_panel_offset",
    "$initial_panel_offset|default": [ "50%", 0 ],
    "play_event": "screen.exit_pop",
    "end_event": "screen.exit_end"
  },

  "mob_effect_entrance_animation_push_offset": {
    "anim_type": "offset",
    "easing": "in_out_circ",
    "duration": "$transition_time_push",
    "from": "$initial_panel_offset",
    "to": [ 0, 0 ],
    "$initial_panel_offset|default": [ "50%", 0 ],
    "play_event": "screen.entrance_push",
    "end_event": "screen.entrance_end"
  },

  "mob_effect_entrance_animation_pop_offset": {
    "anim_type": "offset",
    "easing": "in_out_circ",
    "duration": "$transition_time_pop",
    "from": "$initial_panel_offset",
    "to": [ 0, 0 ],
    "$initial_panel_offset|default": [ "50%", 0 ],
    "play_event": "screen.entrance_pop",
    "end_event": "screen.entrance_end"
  },

  "close_bg_button@common.button": {
    "focus_enabled": false,
    "$pressed_button_name": "button.menu_continue",
    "sound_volume": 0,
    "layer": -1,
    "controls": [
      {
        "default@common.empty_panel": {}
      },
      {
        "hover@common.empty_panel": {}
      },
      {
        "pressed@common.empty_panel": {}
      }
    ],
    "button_mappings": [
      {
        "from_button_id": "button.menu_select",
        "to_button_id": "$pressed_button_name",
        "mapping_type": "global"
      },
      {
        "from_button_id": "button.menu_ok",
        "to_button_id": "$pressed_button_name",
        "mapping_type": "global"
      }
    ]
  }
}