{
  "disabled_interact_label_formfitting": {
    "use_child_anchors": true
  },

  "summary_text_panel": {
    "modifications": [
      {
        "array_name": "controls",
        "operation": "insert_back",
        "value": [
          {
            "original_purchase_price_label@pdp.original_purchase_price_label": {}
          }
        ]
      }
    ]
  },

  "original_purchase_price_label": {
    "type": "stack_panel",
    "orientation": "horizontal",
    "size": [ "100%", "100%cm" ],
    "anchor_from": "bottom_left",
    "anchor_to": "bottom_left",
    "bindings": [
      {
        "binding_name": "#action_button_visible"
      },
      {
        "binding_name": "#exit_world_button_visible"
      },
      {
        "binding_type": "view",
        "source_property_name": "(#action_button_visible or #exit_world_button_visible)",
        "target_property_name": "#visible"
      }
    ],
    "controls": [
      {
        "padding_left@common.empty_panel": {
          "size": [ 2, 0 ]
        }
      },
      {
        "price_text": {
          "type": "label",
          "text": "store.cost",
          "color": "$7_color_format"
        }
      },
      {
        "padding": {
          "type": "panel",
          "size": [ 4, 4 ]
        }
      },
      {
        "coin_purchase_label_text@pdp.coin_purchase_label_text": {
          "color": "$7_color_format"
        }
      },
      {
        "right_coin_image_offset_panel": {
          "type": "panel",
          "size": [ "100%c", "100%c" ],
          "controls": [
            {
              "coin@pdp.coin_image": {
                "offset": [ -3, 0 ]
              }
            }
          ]
        }
      }
    ]
  },

  "smooth_purchase_buttons_panel": {
    "controls": [
      {
        "purchase_coins_button_panel": {
          "type": "panel",
          "size": [ "100%", "100%c" ],
          "controls": [
            {
              "smooth_purchase_with_coins_button@common_buttons.light_content_button": {
                "size": [ "100%", 20 ],
                "$focus_border_size_override": [ "100%", 20 ],
                "$button_image_size_override": [ "100% - 2px", 18 ],

                "$button_focus_precedence": 8,
                "$pressed_button_name": "$button_action",
                "$button_action": "button.purchase_with_coins",
                "$interact_button_id|default": "button.purchase_with_coins",
                "$focus_id": "$interact_button_id",
                "$button_content": "pdp.smooth_coin_purchase_label_formfitting",
                "$is_purchase_button": true,
                "enabled": false,
                "bindings": [
                  {
                    "binding_name": "#purchase_panel_enabled",
                    "binding_name_override": "#enabled"
                  },
                  {
                    "binding_name": "#purchase_with_coins_button_text"
                  },
                  {
                    "binding_type": "view",
                    "source_property_name": "(#purchase_with_coins_button_text = 'store.free')",
                    "target_property_name": "#visible"
                  }
                ]
              }
            },
            {
              "confirm_purchase_with_coins_button": {
                "type": "panel",
                "size": [ "100%", "100%c" ],
                "bindings": [
                  {
                    "binding_name": "#purchase_with_coins_button_text"
                  },
                  {
                    "binding_type": "view",
                    "source_property_name": "(not (#purchase_with_coins_button_text = 'store.free'))",
                    "target_property_name": "#visible"
                  }
                ],
                "controls": [
                  {
                    "confirm_purchase_with_coins_button@tyel_confirm_purchase_dialog.open_confirm_purchase_dialog": {
                      "$toggle_group_forced_index": 1
                    }
                  }
                ]
              }
            }
          ]
        }
      },
      {
        "pad_h1": {
          "type": "panel",
          "size": [ "100%", 3 ],
          "bindings": [
            {
              "binding_name": "#currency_purchase_visible",
              "binding_name_override": "#visible"
            }
          ]
        }
      },
      {
        "purchase_currency_button_panel": {
          "type": "panel",
          "size": [ "100%", "100%c" ],
          "bindings": [
            {
              "binding_name": "#currency_purchase_visible",
              "binding_name_override": "#visible"
            }
          ],
          "controls": [
            {
              "confirm_purchase_with_currency_button@tyel_confirm_purchase_dialog.open_confirm_purchase_dialog": {
                "$toggle_group_forced_index": 2,
                "$button_content": "pdp.currency_purchase_label",
                "$currency_purchase_label_offset": [ 0, 0 ]
              }
            }
          ]
        }
      }
    ]
  },

  "smooth_save_share_button_panel/save_button": {
    "$focus_override_right": "confirm_purchase_info_button"
  },

  "smooth_save_share_button_panel": {
    "modifications": [
      {
        "array_name": "controls",
        "operation": "insert_back",
        "value": [
          {
            "pad_2": {
              "type": "panel",
              "size": [ 2, "100%" ],
              "bindings": [
                {
                  "binding_name": "#wishlist_button_visible",
                  "binding_name_override": "#visible"
                }
              ]
            }
          },
          {
            "confirm_purchase_info_button@common_buttons.light_content_button": {
              "size": [ 24, "100%" ],
              "$button_focus_precedence": 9,
              "$pressed_button_name": "button.confirm_purchase_info_tooltip",
              "$button_content": "pdp.confirm_purchase_info_content",
              "$focus_id": "confirm_purchase_info_button",
              "$focus_override_up": "interact_button",
              "$focus_override_down": "read_more_button",
              "$focus_override_left": "save_button",
              "$focus_override_right": "FOCUS_OVERRIDE_STOP",
              "bindings": [
                {
                  "binding_name": "#purchase_panel_visible"
                },
                {
                  "binding_name": "#purchase_panel_visible_disallowed"
                },
                {
                  "binding_name": "#purchase_with_coins_button_text"
                },
                {
                  "binding_type": "view",
                  "source_property_name": "((#purchase_panel_visible or #purchase_panel_visible_disallowed) and not (#purchase_with_coins_button_text = 'store.free'))",
                  "target_property_name": "#visible"
                }
              ]
            }
          }
        ]
      }
    ]
  },

  "smooth_coin_purchase_label_formfitting/sales_banner_offset_panel/sales_banner_panel/markdown_banner": {
    "$banner_size": [ "24px", "100%" ]
  },

  "smooth_coin_purchase_label_formfitting/fill_pad_left": {
    "bindings": []
  },

  "smooth_coin_purchase_label_formfitting/fill_pad_right": {
    "bindings": []
  },

  "large_button_coin_purchase_label/sales_padding_1": {
    "$sales_padding_size|default": [ "50%y + 3px", "100%" ],
    "size": "$sales_padding_size",
    "bindings": []
  },

  "confirm_purchase_info_content": {
    "type": "panel",
    "controls": [
      {
        "minecoin_image": {
          "type": "image",
          "texture": "textures/ui/MCoin",
          "size": [ 11, 11 ],
          "offset": [ -1, -1 ],
          "layer": 1
        }
      },
      {
        "infobulb_image": {
          "type": "image",
          "texture": "textures/ui/infobulb_darkborder_small",
          "size": [ 7, 9 ],
          "offset": [ 2, 1 ],
          "layer": 2
        }
      },
      {
        "tooltip@pdp.confirm_purchase_info_tooltip": {
          "ignored": "(not ($hover_state or $pressed_state))"
        }
      }
    ]
  },

  "confirm_purchase_info_tooltip": {
    "type": "panel",
    "size": [ "300px", "100%cm + 16px" ],
    "anchor_from": "top_right",
    "anchor_to": "top_right",
    "layer": 400,
    "$tooltip_offset|default": [ 8, 32 ],
    "variables": [
      {
        "requires": "$pressed_state",
        "$tooltip_offset": [ 8, 31 ]
      }
    ],
    "controls": [
      {
        "navigator_tip@common.static_tooltip_popup_with_image_and_text": {
          "allow_clipping": false,
          "$tooltip_panel_size": [ "100%", "100%cm + 8px" ],
          "anchor_from": "top_right",
          "anchor_to": "top_right",
          "$tooltip_panel_offset": "$tooltip_offset",
          "$tooltip_popup_image": "textures/ui/infobulb",
          "$tooltip_button_binding_type": "none",
          "$tooltip_button_collection_name": "",
          "$tooltip_text_binding_name": "store.confirmPurchase.tooltip",
          "$tooltip_chevron_anchor": "top_right",
          "$tooltip_popup_chevron_texture": "textures/ui/tooltip_inverted_chevron",
          "$tooltip_popup_chevron_offset": [ -8, "-10px" ]
        }
      }
    ]
  }
}