{
  "screenshots_grid/left_image_panel": {
    "$cycle_screenshots_button_name": "button.cycle_screenshots_left"
  },

  "screenshots_grid/right_image_panel": {
    "$cycle_screenshots_button_name": "button.cycle_screenshots_right"
  },

  "screenshots_grid_item/frame/screenshot_button": {
    "visible": true,
    "focus_enabled": "$is_middle",
    "sound_volume": 0.0,
    "layer": "$layer",
    "$layer|default": -3,
    "$cycle_screenshots_button_name|default": "button.menu_select",
    "variables": [
      {
        "requires": "$is_middle",
        "$layer": 4
      }
    ],
    "modifications": [
      {
        "array_name": "button_mappings",
        "operation": "insert_front",
        "value": [
          {
            "ignored": "$is_middle",
            "from_button_id": "button.menu_select",
            "to_button_id": "$cycle_screenshots_button_name",
            "mapping_type": "pressed"
          },
          {
            "ignored": "$is_middle",
            "from_button_id": "button.menu_ok",
            "to_button_id": "$cycle_screenshots_button_name",
            "mapping_type": "focused"
          }
        ]
      }
    ]
  },

  "screenshots_grid_item/frame/screenshot_button/hover": {
    "ignored": "(not $is_middle)"
  },
  
  "screenshots_grid_item/frame/screenshot_button/pressed": {
    "ignored": "(not $is_middle)"
  }
}