{
  "purchase_button_panel": {
    "type": "panel",
    "bindings": [
      {
        "binding_name": "$purchase_panel_visible_binding",
        "binding_name_override": "#visible"
      }
    ],
    "$purchase_blocked_control|default": "common.empty_panel",
    "controls": [
      {
        "purchase_button_panel": {
          "type": "panel",
          "size": [ "100%", "100%" ],
          "bindings": [
            {
              "binding_type": "view",
              "source_control_name": "persona_deprecated.persona_purchase_lock_toggle",
              "source_property_name": "#toggle_state",
              "target_property_name": "#visible"
            }
          ],
          "controls": [
            {
              "$purchase_button_control@$purchase_button_control": {
                "size": [ "100%", "100%" ],
                "$default_state_border_visible": true,
                "$hover_state_border_visible": true,
                "$pressed_state_border_visible": true,
                "$locked_state_border_visible": true
              }
            }
          ]
        }
      },
      {
        "purchase_blocked_panel": {
          "type": "panel",
          "size": [ "100%", "100%" ],
          "bindings": [
            {
              "binding_type": "view",
              "source_control_name": "persona_deprecated.persona_purchase_lock_toggle",
              "source_property_name": "(not #toggle_state)",
              "target_property_name": "#visible"
            }
          ],
          "controls": [
            {
              "$purchase_blocked_control@$purchase_blocked_control": {
              }
            }
          ]
        }
      }
    ]
  },

  "purchase_buttons/coin_purchase_panel": {
    "$purchase_blocked_control": "persona_deprecated.offer_coin_purchase_blocked_control"
  },

  "purchase_buttons/real_money_purchase_panel": {
    "$purchase_blocked_control": "persona_deprecated.offer_real_money_purchase_blocked_control"
  },

  "purchase_blocked_control_template": {
    "type": "image",
    "texture": "textures/ui/disabledButtonNoBorder",
    "size": [ "100% - 2px", "100% - 2px" ]
  },

  "offer_coin_purchase_blocked_control@persona_deprecated.purchase_blocked_control_template": {
    "controls": [
      {
        "label_panel@pdp.large_button_coin_purchase_label": {
          "layer": 1,
          "$is_on_sale": false,
          "$is_purchase_button": true,
          "$text_color": [ 1, 1, 1 ],
          "$ignore_markdown_filler_panel": "#is_on_sale",
          "$coin_image_on_right": false,
          "$purchase_price_offset": [ 0, -2 ],
          "$purchase_price_font_type": "MinecraftTen",
          "$markdown_size": [ "100% + 2px", "100% + 4px" ],
          "$strike_thru_offset": [ 0, 2 ],
          "$markdown_offset": [ -1, 0 ]
        }
      }
    ]
  },

  "offer_real_money_purchase_blocked_control@persona_deprecated.purchase_blocked_control_template": {
    "controls": [
      {
        "text": {
          "type": "label",
          "text": "#purchase_with_currency_button_text",
          "color": [ 1, 1, 1 ],
          "layer": 1,
          "font_type": "MinecraftTen",
          "offset": [ 0, -2 ],
          "bindings": [
            {
              "binding_name": "#purchase_with_currency_button_text",
              "binding_type": "global"
            }
          ]
        }
      }
    ]
  },

  "right_panel_classic_skin_default_pack_information": {
    "modifications": [
      {
        "array_name": "controls",
        "operation": "insert_back",
        "value": [
          { "normal_arm_size@persona_deprecated.normal_arm_size": {} },
          { "narrow_arm_size@persona_deprecated.narrow_arm_size": {} }
        ]
      }
    ]
  },

  "arm_size_icon_template": {
    "type": "image",
    "size": [ 16, 16 ]
  },

  "normal_arm_size_icon@persona_deprecated.arm_size_icon_template": {
    "texture": "textures/ui/icon_steve"
  },

  "narrow_arm_size_icon@persona_deprecated.arm_size_icon_template": {
    "texture": "textures/ui/icon_alex"
  },

  "normal_arm_size@common_buttons.light_content_button": {
    "$ignore_choose_skin|default": true,
    "ignored": "$ignore_choose_skin",
    "size": [ 22, 22 ],
    "anchor_from": "bottom_left",
    "anchor_to": "bottom_left",
    "offset": [ "50% + 6px", "100%y - 6px" ],
    "$button_content": "persona_deprecated.normal_arm_size_icon",
    "$pressed_button_name": "button.choose_fat"
  },

  "narrow_arm_size@common_buttons.light_content_button": {
    "$ignore_choose_skin|default": true,
    "ignored": "$ignore_choose_skin",
    "size": [ 22, 22 ],
    "anchor_from": "bottom_left",
    "anchor_to": "bottom_left",
    "offset": [ "50% + 29px", "100%y - 6px" ],
    "$button_content": "persona_deprecated.narrow_arm_size_icon",
    "$pressed_button_name": "button.choose_skinny"
  },

  "skin_viewer_panel": {
    "modifications": [
      {
        "control_name": "popup_dialog_factory",
        "operation": "remove"
      }
    ]
  },

  "persona_screen_deprecated": {
    "$store_header_icon": "",
    "$icon_control": "persona.persona_header_icons_control",
    "$use_custom_panorama": "$is_pregame",
    "$screen_bg_content": "common.empty_panel",
    "$is_full_screen_layout": true
  },

  "persona_purchase_lock_toggle@common_toggles.light_content_toggle_visibility": {
    "size": [ "100%c", 17 ],
    "anchor_from": "right_middle",
    "anchor_to": "right_middle",
    "offset": [ 0, -1 ],
    "$toggle_name": "persona_purchase_lock_toggle",
    "$button_content": "persona.persona_purchase_lock_toggle_content",
    "$toggle_tts_header": "dr.toggle.purchaseLock",
    "$toggle_group_forced_index": 100,

    "$unchecked_control": "persona.purchase_lock_toggle_unchecked",
    "$checked_control": "persona.purchase_lock_toggle_checked",
    "$unchecked_hover_control": "persona.purchase_lock_toggle_unchecked_hover",
    "$checked_hover_control": "persona.purchase_lock_toggle_checked_hover",
    "$unchecked_locked_control": "persona.purchase_lock_toggle_locked",
    "$unchecked_locked_hover_control": "persona.purchase_lock_toggle_locked",
    "$checked_locked_control": "persona.purchase_lock_toggle_locked",
    "$checked_locked_hover_control": "persona.purchase_lock_toggle_locked"
  },

  "purchase_lock_toggle_template": {
    "type": "stack_panel",
    "orientation": "horizontal",
    "size": [ "100%c", 17 ],
    "$button_state_panel": "common.empty_panel",
    "$ribbon_text|default": "unset",
    "controls": [
      {
        "label_panel": {
          "type": "panel",
          "size": [ "100%c", "100%" ],
          "controls": [
            {
              "label_panel@common_store.ribbon_bar_text_background": {
                "size": [ "100%c + 8px", 13 ],
                "controls": [
                  {
                    "label_panel": {
                      "type": "stack_panel",
                      "orientation": "horizontal",
                      "size": [ "100%c", "100%cm" ],
                      "controls": [
                        {
                          "dollar_sign": {
                            "type": "label",
                            "layer": 2,
                            "text": "§g$",
                            "color": "$body_text_color",
                            "localize": false
                          }
                        },
                        {
                          "padding": { "type": "panel", "size": [ 4, 4 ]}
                        },
                        {
                          "toggle_state_label": {
                            "type": "label",
                            "layer": 2,
                            "text": "$ribbon_text",
                            "color": "$body_text_color"
                          }
                        }
                      ]
                    }
                  }
                ]
              }
            }
          ]
        }
      },
      {
        "button_state_panel@$button_state_panel": {
          "size": [ 17, 17 ]
        }
      }
    ]
  },

  "purchase_lock_toggle_unchecked@persona.purchase_lock_toggle_template": {
    "$button_state_panel": "common_toggles.toggle_unchecked",
    "$ribbon_text": "chalkboardScreen.locked",
    "$button_content": "persona.purchase_lock_icon_locked",
    "$default_state": true
  },

  "purchase_lock_toggle_checked@persona.purchase_lock_toggle_template": {
    "$button_state_panel": "common_toggles.toggle_checked",
    "$ribbon_text": "chalkboardScreen.unlocked",
    "$button_content": "persona.purchase_lock_icon_unlocked",
    "$default_state": true
  },

  "purchase_lock_toggle_unchecked_hover@persona.purchase_lock_toggle_template": {
    "$button_state_panel": "common_toggles.toggle_unchecked_hover",
    "$ribbon_text": "chalkboardScreen.locked",
    "$button_content": "persona.purchase_lock_icon_locked",
    "$hover_state": true
  },

  "purchase_lock_toggle_checked_hover@persona.purchase_lock_toggle_template": {
    "$button_state_panel": "common_toggles.toggle_checked_hover",
    "$ribbon_text": "chalkboardScreen.unlocked",
    "$button_content": "persona.purchase_lock_icon_unlocked",
    "$hover_state": true
  },

  "purchase_lock_toggle_locked@persona.purchase_lock_toggle_template": {
    "$button_state_panel": "common_toggles.toggle_locked",
    "$ribbon_text": "chalkboardScreen.locked",
    "$button_content": "persona.purchase_lock_icon_locked",
    "$locked_state": true
  },

  "purchase_lock_icon_locked": {
    "type": "image",
    "texture": "textures/ui/lock",
    "size": [ 8, 8 ],
    "color": "$text_color"
  },

  "purchase_lock_icon_unlocked": {
    "type": "image",
    "texture": "textures/ui/unLock",
    "size": [ 10, 8 ],
    "color": "$text_color"
  },

  "persona_screen_content/main_panel": {
    "$right_button_panel": "persona_deprecated.persona_purchase_lock_toggle",
    "$right_button_panel_visible_binding_type": "global",
    "$right_button_panel_visible_binding": "(not #preview_appearance_on)"
  },

  "popup_toast": {
    "$toast_control": "toast_message",
    "$display_time": 3.0,
    "$transition_in_time": 0.5,
    "$transition_out_time": 0.3,
    "$popup_size": [ 206, 22 ],
    "$toast_anchor_from": "top_middle",
    "$toast_anchor_to": "top_middle",
    "$toast_offset": "@toast_screen.formfit_toast_offset_anim_start",
    "$alpha_anims": []
  },

  "persona_screen_content/popup_dialog_factory": {
    "control_ids": {
      "no_store_connection": "@common_store.popup_dialog__no_store_connection",
      "restore_popup": "@common_store.popup_dialog__restore_popup",
      "restore_failed": "@common_store.popup_dialog__restore_failed",
      "toast_message": "@persona_deprecated.popup_toast"
    }
  }
}