{
  "open_confirm_purchase_dialog__coin_purchase_button@tyel_confirm_purchase_dialog.open_confirm_purchase_dialog": {
    "$toggle_group_forced_index": 1,
    "size": [ "100%", "100%" ],
    "$button_content": "pdp.large_button_coin_purchase_label",
    "$ignore_markdown_filler_panel": "#is_on_sale",
    "$is_on_sale": false,
    "$coin_image_on_right": false,
    "$is_purchase_button": true,
    "$markdown_size": [ "100% + 2px", "100% + 4px" ],
    "$strike_thru_offset": [ 0, 2 ],
    "$markdown_offset": [ -1, 0 ],
    "$focus_id": "offer_coin_purchase_button"
  },

  "open_confirm_purchase_dialog__real_money_purchase_button@tyel_confirm_purchase_dialog.open_confirm_purchase_dialog": {
    "$toggle_group_forced_index": 2,
    "size": [ "100%", "100%" ],
    "$button_content": "persona.confirm_purchase_currency_purchase_label",
    "$focus_id": "offer_real_money_purchase_button"
  },

  "confirm_purchase_currency_purchase_label": {
    "type": "label",
    "size": [ "default", "default" ],
    "max_size": [ "100%", 10 ],
    "text_alignment": "center",
    "color": "$text_color",
    "text": "#purchase_with_currency_button_text",
    "bindings": [
      {
        "binding_name": "#purchase_with_currency_button_text",
        "binding_type": "global"
      }
    ]
  },

  "coin_purchase_panel": {
    "$purchase_button_control": "persona.open_confirm_purchase_dialog__coin_purchase_button"
  },

  "real_money_purchase": {
    "$purchase_button_control": "persona.open_confirm_purchase_dialog__real_money_purchase_button"
  },

  "select_custom_skin_stack": {
    "modifications": [
      {
        "array_name": "controls",
        "operation": "insert_back",
        "value": [
          { "normal_arm_size@persona.normal_arm_size": {} },
          { "narrow_arm_size@persona.narrow_arm_size": {} }
        ]
      }
    ]
  },

  "arm_size_icon_template": {
    "type": "image",
    "size": [ 16, 16 ]
  },

  "normal_arm_size_icon@persona.arm_size_icon_template": {
    "texture": "textures/ui/icon_steve"
  },

  "narrow_arm_size_icon@persona.arm_size_icon_template": {
    "texture": "textures/ui/icon_alex"
  },

  "normal_arm_size@common_buttons.light_content_button": {
    "size": [ 20, 20 ],
    "anchor_from": "bottom_left",
    "anchor_to": "bottom_left",
    "offset": [ "50% + 1px", 0 ],
    "$button_content": "persona.normal_arm_size_icon",
    "$pressed_button_name": "button.choose_fat",
    "$button_tts_header": "dr.arm_size.wide"
  },

  "narrow_arm_size@common_buttons.light_content_button": {
    "size": [ 20, 20 ],
    "anchor_from": "bottom_left",
    "anchor_to": "bottom_left",
    "offset": [ "50% + 22px", 0 ],
    "$button_content": "persona.narrow_arm_size_icon",
    "$pressed_button_name": "button.choose_skinny",
    "$button_tts_header": "dr.arm_size.slim"
  },

  "skin_viewer_panel": {
    "modifications": [
      {
        "control_name": "popup_dialog_factory",
        "operation": "remove"
      }
    ]
  },

  "right_panel_classic_skins_title": {
    "controls": [
      {
        "padding_start@common.empty_panel": {
          "size": [ "3px", "100%sm" ]
        }
      },
      {
        "title_panel@common.empty_panel": {
          "type": "input_panel",
          "size": [ "fill", "100%c + 4px" ],
          "controls": [
            {
              "title_panel": {
                "type": "label",
                "size": [ "100%", 10 ],
                "layer": 2,
                "color": "$dressing_room_right_side_default_text_color",
                "font_type": "MinecraftTen",
                "offset": [ 0, -2 ],
                "text": "#right_panel_title",
                "text_alignment": "left",
                "bindings": [
                  {
                    "binding_name": "#right_panel_title"
                  },
                  {
                    "binding_name": "#is_right_panel_classic_skin_pack_title_visible",
                    "binding_name_override": "#visible"
                  }
                ]
              }
            }
          ]
        }
      },
      {
        "author_panel@common.empty_panel": {
          "size": [ "100%c", "100%c + 4px" ],
          "controls": [
            {
              "author": {
                "type": "label",
                "size": [ "default", 10 ],
                "layer": 2,
                "color": "$dressing_room_right_side_default_text_color",
                "text": "#skin_pack_author",
                "text_alignment": "right",
                "bindings": [
                  {
                    "binding_name": "#skin_pack_author"
                  }
                ]
              }
            }
          ]
        }
      },
      {
        "padding_end@common.empty_panel": {
          "size": [ "4px", "100%sm" ]
        }
      }
    ]
  },

  "persona_category_grid_panel/section_wrapper": {
    "bindings": [
      {
        "binding_type": "view",
        "source_control_name": "persona_category_featured_section_visibility_toggle",
        "source_property_name": "#toggle_state",
        "target_property_name": "#visible"
      }
    ]
  },

  "persona_category_grid_panel": {
    "modifications": [
      {
        "array_name": "controls",
        "operation": "insert_front",
        "value": [
          {
            "section_with_toggle": {
              "type": "panel",
              "size": [ "100%", 0 ],
              "controls": [
                {
                  "persona_category_featured_section_visibility_toggle@persona.feature_set_visibility_toggle": {
                    "$toggle_name": "persona_category_featured_section_visibility_toggle",
                    "size": [ "100%", 14 ],
                    "anchor_from": "top_middle",
                    "anchor_to": "top_middle"
                  }
                }
              ]
            }
          },
          {
            "title_only_section_wrapper": {
              "type": "input_panel",
              "size": [ "100%", "100%c" ],
              "bindings": [
                {
                  "binding_type": "view",
                  "source_control_name": "persona_category_featured_section_visibility_toggle",
                  "source_property_name": "(not #toggle_state)",
                  "target_property_name": "#visible"
                }
              ],
              "controls": [
                {
                  "stack_panel@common.vertical_stack_panel": {
                    "size": [ "100% - 2px", "100%c + 4px" ],
                    "controls": [
                      {
                        "featured_section_factory_title@persona.title_rarity_positionable_title": {
                          "size": [ "100%", 10 ],
                          "$title_binding_type": "none",
                          "$title_binding": "dr.header.featured"
                        } 
                      },
                      { "divider2@persona.common_horizontal_divider": {} }
                    ]
                  }
                }
              ]
            }
          }
        ]
      }
    ]
  },

  "persona_piece_offer_grid": {
    "$ignore_featured_piece_offer_grid_visible_bind|default": true,
    "modifications": [
      {
        "array_name": "bindings",
        "operation": "insert_back",
        "value": [
          {
            "ignored": "($ignore_featured_piece_offer_grid_visible_bind)",
            "binding_type": "view",
            "source_control_name": "featured_piece_section_toggle",
            "source_property_name": "#toggle_state",
            "target_property_name": "#visible"
          }
        ]
      }
    ]
  },

  "piece_section_title_panel": {
    "size": [ "100%", 14 ],
    "$ignore_featured_piece_offer_grid_visible_bind|default": true,
    "modifications": [
      {
        "array_name": "controls",
        "operation": "insert_back",
        "value": [
          {
            "featured_piece_section_toggle@persona.feature_set_visibility_toggle": {
              "ignored": "$ignore_featured_piece_offer_grid_visible_bind",
              "$toggle_name": "featured_piece_section_toggle",
              "size": [ "100%", 14 ],
              "anchor_from": "top_middle",
              "anchor_to": "top_middle"
            }
          }
        ]
      }
    ]
  },

  "persona_section_factory_panel": {
    "$piece_section_control_ids": {
      "featured_piece_section": "persona.persona_featured_piece_section",
      "owned_piece_section": "persona.owned_piece_section",
      "piece_section": "persona.piece_section",
      "unknown_section": "persona.empty_section"
    }
  },

  "persona_featured_piece_section@persona.piece_section": {
    "$ignore_featured_piece_offer_grid_visible_bind": false
  },

  "classic_skin_features_header": {
    "offset": [ 2, 0 ]
  },

  "classic_skin_features_header_wrapper": {
    "size": [ "100%", 14 ],
    "modifications": [
      {
        "array_name": "controls",
        "operation": "insert_back",
        "value": [
          {
            "classic_skin_features_visibility_toggle@persona.feature_set_visibility_toggle": {
              "$toggle_name": "classic_skin_features_visibility_toggle",
              "size": [ "100%", "100%" ]
            }
          }
        ]
      }
    ]
  },

  "grouped_classic_skin_featured_content": {
    "bindings": [
      {
        "binding_type": "view",
        "source_control_name": "classic_skin_features_visibility_toggle",
        "source_property_name": "#toggle_state",
        "target_property_name": "#visible"
      }
    ]
  },

  "get_more_skins_button": {
    "size": [ "100%", 20 ]
  },

  "see_more_skins_button": {
    "size": [ "100%", 16 ]
  },

  "persona_left_panel/persona_offer_panel_content": {
    "disable_anim_fast_forward": true,
    "animation_reset_name": "screen_animation_reset",
    "anims": "$fade_to_left_animations"
  },

  "persona_right_panel": {
    "type": "panel",
    "size": [ "fill", "100%" ],
    "controls": [
      {
        "persona_preview_panel_content@common.vertical_stack_panel": {
          "size": [ "100%", "100%" ],
          "layer": 2,
          "disable_anim_fast_forward": true,
          "animation_reset_name": "screen_animation_reset",
          "anims": "$fade_to_right_animations",
          "controls": [
            { "persona_right_panels@persona.right_side_stack": { "size": [ "100%", "100%" ] } }
          ]
        }
      }
    ]
  },

  "persona_screen_main_panel_content/stack_panel": {
    "modifications": [
      {
        "control_name": "right_main_panel",
        "operation": "replace",
        "value": [
          {
            "right_main_panel@persona.persona_right_panel": {}
          }
        ]
      }
    ]
  },

  "persona_screen": {
    "$store_header_icon": "",
    "$icon_control": "persona.persona_header_icons_control",
    "$use_custom_panorama": "$is_pregame",
    "$screen_bg_content": "common.empty_panel",
    "$is_full_screen_layout": true,
    "$fade_to_left_animations|default": [
      "@tyel_anims.fade_left_entrance_animation_push_offset",
      "@tyel_anims.fade_left_entrance_animation_pop_offset",
      "@tyel_anims.fade_left_exit_animation_push_offset",
      "@tyel_anims.fade_left_exit_animation_pop_offset"
    ],
    "$fade_to_right_animations|default": [
      "@tyel_anims.fade_right_entrance_animation_push_offset",
      "@tyel_anims.fade_right_entrance_animation_pop_offset",
      "@tyel_anims.fade_right_exit_animation_push_offset",
      "@tyel_anims.fade_right_exit_animation_pop_offset"
    ],
    "$fade_to_left_anim_end_point": [ "-100%", 0 ],
    "$fade_to_right_anim_end_point": [ "100%", 0 ]
  },

  "popup_toast": {
    "layer": 1000,
    "$toast_control": "toast_message",
    "$display_time": 3.0,
    "$transition_in_time": 0.5,
    "$transition_out_time": 0.3,
    "$popup_size": [ 206, "100%cm" ],
    "$toast_anchor_from": "top_middle",
    "$toast_anchor_to": "top_middle",
    "$toast_offset": "@toast_screen.formfit_toast_offset_anim_start",
    "$alpha_anims": []
  },

  "modal_window_input_blocker": {
    "size": [ "150%", "150%" ]
  },

  "popup_dialog__restricted_content_popup": {
    "layer": 990,
    "modifications": [
      {
        "array_name": "controls",
        "operation": "insert_front",
        "value": [
          {
            "background_image": {
              "type": "image",
              "size": [ "150%", "150%" ],
              "texture": "textures/ui/White",
              "color": "$dressing_room_dark_bg_color",
              "alpha": 0.8
            }
          }
        ]
      }
    ]
  },

  "popup_dialog__realms_plus_extra_info/background_image": {
    "size": [ "150%", "150%" ]
  },

  "popup_dialog__invalid_custom_skin": {
    "size": [ "100%", "100%" ],
    "layer": 990,
    "modifications": [
      {
        "array_name": "controls",
        "operation": "insert_front",
        "value": [
          {
            "background_image": {
              "type": "image",
              "size": [ "150%", "150%" ],
              "texture": "textures/ui/White",
              "color": "$dressing_room_dark_bg_color",
              "alpha": 0.8
            }
          }
        ]
      }
    ]
  },
  
  "popup_dialog__invalid_custom_skin/popup_dialog_bg": {
    "size": [ "40%", "75%" ]
  },

  "popup_dialog__choose_skin_type": {
    "size": [ "100%", "100%" ],
    "layer": 990,
    "modifications": [
      {
        "array_name": "controls",
        "operation": "insert_front",
        "value": [
          {
            "background_image": {
              "type": "image",
              "size": [ "150%", "150%" ],
              "texture": "textures/ui/White",
              "color": "$dressing_room_dark_bg_color",
              "alpha": 0.8
            }
          }
        ]
      }
    ]
  },
  
  "popup_dialog__choose_skin_type/popup_dialog_bg": {
    "size": [ "40%", "75%" ]
  },

  "popup_dialog__custom_skin_info/background_image": {
    "size": [ "150%", "150%" ]
  },

  "popup_dialog__emote_equip_slot_editor/background_image": {
    "size": [ "150%", "150%" ]
  },

  "persona_screen_content": {
    "modifications": [
      {
        "array_name": "controls",
        "operation": "insert_back",
        "value": [
          {
            "confirm_purchase_popup_dialog@tyel_confirm_purchase_dialog.confirm_purchase_popup_dialog": {
              "$confirm_purchase_scrolling_content": "tyel_confirm_purchase_dialog.persona_confirm_purchase_summary_panel"
            }
          }
        ]
      }
    ]
  },

  "persona_screen_content/popup_dialog_factory": {
    "control_ids": {
      "no_store_connection": "@common_store.popup_dialog__no_store_connection",
      "restore_popup": "@common_store.popup_dialog__restore_popup",
      "restore_failed": "@common_store.popup_dialog__restore_failed",
      "switch_character_skin_screens": "@persona.popup_dialog__switch_persona_and_classic_skin",
      "custom_skin_info": "@persona.popup_dialog__custom_skin_info",
      "realms_plus_extra_info": "@persona.popup_dialog__realms_plus_extra_info",
      "toast_message": "@persona.popup_toast"
    }
  },

  "persona_header_icons_control": {
    "type": "panel",
    "size": [ 24, 24 ],
    "$screen_header_title_binding_type": "global",
    "controls": [
      {
        "character_creator@common_store.header_icon_item": {
          "$header_icon_text_condition": "dr.header.customization",
          "$header_icon_texture": "textures/ui/sidebar_icons/character_creator"
        }
      },
      {
        "classic_skins@common_store.header_icon_item": {
          "$header_icon_text_condition": "dr.header.classic_skins",
          "$header_icon_texture": "textures/ui/sidebar_icons/classic_skins"
        }
      },
      {
        "emotes@common_store.header_icon_item": {
          "$header_icon_text_condition": "dr.header.animation",
          "$header_icon_texture": "textures/ui/sidebar_icons/emotes"
        }
      },
      {
        "capes@common_store.header_icon_item": {
          "$header_icon_text_condition": "dr.header.capes",
          "$header_icon_texture": "textures/ui/sidebar_icons/capes"
        }
      },
      {
        "zooming@common_store.header_icon_item": {
          "$header_icon_text_condition": "dr.zooming",
          "$header_icon_texture": "textures/ui/icon_preview"
        }
      },
      {
        "persona@common_store.header_icon_item": {
          "$use_custom_source_property": true,
          "$custom_source_property": "(not ((#screen_header_title = 'dr.header.customization') or (#screen_header_title = 'dr.header.classic_skins') or (#screen_header_title = 'dr.header.animation') or (#screen_header_title = 'dr.header.capes') or (#screen_header_title = 'dr.zooming')))",
          "$header_icon_texture": "textures/ui/sidebar_icons/character_creator"
        }
      }
    ]
  },

  "feature_set_visibility_toggle@common_toggles.icon_toggle": {
    "size": [ "100%", 14 ],
    "$toggle_on_image": "textures/ui/arrow_up_white",
    "$toggle_off_image": "textures/ui/arrow_down_white",
    "$toggle_image_size": [ 7, 4 ],
    "$toggle_image_anchor": "right_middle",
    "$toggle_image_offset": [ -4, 0 ],
    "anchor_from": "top_right",
    "anchor_to": "top_right",
    "layer": 6
  }
}