{
  "modal_title_text": {
    "type": "label",
    "font_type": "$title_font_type",
    "font_scale_factor": "$title_font_scale_factor",
    "size": ["default", "default"],
    "text": "$popup_title_text",
    "text_tts": "$popup_title_text_tts",
    "color": "$title_color",
    "$title_font_type|default": "MinecraftTen",
    "$title_font_scale_factor|default": 1.5,
    "$title_color|default": "$main_header_text_color",
    "$popup_title_text|default": "#text",
    "$popup_title_text_tts|default": "#tts_text",
    "$title_text_anchor": "top_middle",
    "$title_text_alignment": "center",
    "$title_text_offset": [0, 0],
    "$popup_title_bindings|default": [
      {
        "binding_type": "view",
        "source_control_name": "$visibility_source_control_name",
        "source_property_name": "(#modal_title_text - '§l' - '§0' - '§8')",
        "target_property_name": "#text"
      },
      {
        "binding_type": "view",
        "source_control_name": "$visibility_source_control_name",
        "source_property_name": "#modal_title_tts",
        "target_property_name": "#tts_text"
      }
    ],
    "$popup_fake_shadow_bindings|default": [
      {
        "binding_type": "view",
        "source_control_name": "$visibility_source_control_name",
        "source_property_name": "#modal_title_text",
        "target_property_name": "#modal_title_text"
      },
      {
        "binding_type": "view",
        "source_property_name": "(#modal_title_text - '§0' - '§1' - '§2' - '§3' - '§4' - '§5' - '§6' - '§7' - '§8' - '§9' - '§a' - '§b' - '§c' - '§d' - '§e' - '§f' - '§g' - '§h' - '§i' - '§j' - '§k' - '§l' - '§m' - '§n' - '§o' - '§p' - '§q' - '§r' - '§s' - '§t' - '§u')",
        "target_property_name": "#text"
      }
    ],
    "bindings": "$popup_title_bindings",
    "controls": [
      {
        "fake_shadow_text": {
          "ignored": "(not ($title_font_type = MinecraftTen))",
          "type": "label",
          "text": "#text",
          "color": [0, 0, 0],
          "offset": [0, 1],
          "alpha": 0.8,
          "layer": -1,
          "shadow": false,
          "font_type": "$title_font_type",
          "font_scale_factor": "$title_font_scale_factor",
          "size": ["default", "default"],
          "bindings": "$popup_fake_shadow_bindings"
        }
      }
    ]
  },
  "modal_label_text": {
    "$popup_label_text_controls|default": "common.empty_panel_size_y_0",
    "modifications": [
      {
        "control_name": "text",
        "operation": "replace",
        "value": [
          {
            "text_panel": {
              "type": "panel",
              "size": ["100%", "100%c"],
              "controls": [
                {
                  "text": {
                    "type": "label",
                    "size": ["default", "default"],
                    "max_size": ["100%", "default"],
                    "anchor_to": "$modal_label_anchor",
                    "anchor_from": "$modal_label_anchor",
                    "$modal_label_anchor|default": "top_middle",
                    "layer": 2,
                    "$popup_label_text|default": "#text",
                    "$popup_label_text_tts|default": "#tts_text",
                    "$modal_label_text_alignment|default": "left",
                    "text_alignment": "$modal_label_text_alignment",
                    "text": "$popup_label_text",
                    "text_tts": "$popup_label_text_tts",
                    "color": "$body_text_color",
                    "font_type": "default",
                    "shadow": true,
                    "bindings": "$popup_label_bindings",
                    "$popup_label_bindings|default": [
                      {
                        "binding_type": "view",
                        "source_control_name": "$visibility_source_control_name",
                        "source_property_name": "#modal_label_text",
                        "target_property_name": "#text"
                      },
                      {
                        "binding_type": "view",
                        "source_control_name": "$visibility_source_control_name",
                        "source_property_name": "#modal_label_tts",
                        "target_property_name": "#tts_text"
                      }
                    ]
                  }
                }
              ]
            }
          }
        ]
      },
      {
        "array_name": "controls",
        "operation": "insert_back",
        "value": [
          { "popup_label_text_controls@$popup_label_text_controls": {} },
          { "padding2": { "type": "panel", "layer": 2, "size": [0, 2] } }
        ]
      }
    ]
  },

  "light_text_button@common_buttons.light_text_button": {},

  "red_text_button@common_buttons.red_text_button": {},

  "green_text_button@common_buttons.green_text_button": {},

  "modal_left_button@popup_dialog.green_text_button": {
    "anchor_to": "top_middle",
    "anchor_from": "top_middle",
    "size": [ "100%", "50%-1px" ],
    "$pressed_button_name": "$popup_dialog_left_button_name",
    "$button_text": "#modal_left_button_text",
    "$button_focus_precedence": 0
  },

  "modal_middle_button@popup_dialog.light_text_button": {
    "anchor_to": "center",
    "anchor_from": "center",
    "size": [ "100%", "50%-1px" ],
    "$pressed_button_name": "$popup_dialog_middle_button_name",
    "$button_text": "#modal_middle_button_text",
    "$button_focus_precedence": 0
  },

  "modal_rightcancel_button@popup_dialog.light_text_button": {
    "anchor_to": "bottom_middle",
    "anchor_from": "bottom_middle",
    "size": [ "100%", "50%-1px" ],
    "$pressed_button_name": "$popup_dialog_rightcancel_button_name",
    "$button_text": "#modal_rightcancel_button_text",
    "$button_focus_precedence": 1
  },

  "modal_red_left_button@popup_dialog.red_text_button": {
    "anchor_to": "top_middle",
    "anchor_from": "top_middle",
    "size": [ "100%", "50%-1px" ],
    "$pressed_button_name": "$popup_dialog_left_button_name",
    "$button_text": "#modal_left_button_text",
    "$button_focus_precedence": 0
  },

  "destructive_three_buttons_panel": {
    "modifications": [
      {
        "control_name": "left",
        "operation": "replace",
        "value": [
          {
            "left@popup_dialog.modal_red_left_button": {}
          }
        ]
      }
    ]
  },

  "destructive_two_buttons_panel": {
    "modifications": [
      {
        "control_name": "left",
        "operation": "replace",
        "value": [
          {
            "left@popup_dialog.modal_red_left_button": {}
          }
        ]
      }
    ]
  },

  "modal_dialog_with_buttons": {
    "modifications": [
      {
        "control_name": "background_with_buttons",
        "operation": "replace",
        "value": [
          {
            "background_with_buttons@common.common_panel_with_transparent_bg_close_button": {
              "$show_dialog_background": false
            }
          },
          {
            "dialog_top_bar@common.dialog_top_bar": {
              "$visibility_source_control_name|default": "modal_bg_buttons",
              "size": [292, 1],
              "anchor_from": "top_middle",
              "anchor_to": "top_middle",
              "offset": [1.5, 22],
              "layer": 2,
              "bindings": [
                {
                  "binding_type": "view",
                  "source_control_name": "$visibility_source_control_name",
                  "source_property_name": "(not (#modal_title_text = ''))",
                  "target_property_name": "#visible"
                }
              ]
            }
          }
        ]
      },
      {
        "control_name": "button_panel",
        "operation": "replace",
        "value": [
          {
            "button_panel_resizer": {
              "type": "panel",
              "size": [214, "100%c"],
              "anchor_to": "bottom_middle",
              "anchor_from": "bottom_middle",
              "offset": [0, -7],
              "controls": [
                { "button_panel@$button_panel": { "offset": [0, 0] } }
              ]
            }
          }
        ]
      }
    ]
  },
  "modal_input_panel": { "layer": 400 },
  "modal_dialog_popup/modal_input": { "$show_black_background|default": true },
  "modal_dialog_popup/modal_input/modal_bg_buttons": {
    "anims": "$popup_animations",
    "propagate_alpha": true,
    "disable_anim_fast_forward": true
  },
  "modal_dialog_popup/modal_input/black_background": {
    "ignored": "$is_holographic",
    "texture": "textures/ui/screen_background",
    "size": ["120%", "120%"],
    "anims": "$popup_background_animations",
    "alpha": 1
  },
  "popup_anim_offset": {
    "anim_type": "offset",
    "easing": "in_out_circ",
    "duration": "$transition_time_pop",
    "from": [0, "2%"],
    "to": [0, 0]
  },
  "popup_anim_fade": {
    "anim_type": "alpha",
    "easing": "in_out_circ",
    "duration": "$transition_time_pop",
    "from": 0,
    "to": 1,
    "scale_from_starting_alpha": true
  },
  "popup_anim_bg_fade": {
    "anim_type": "alpha",
    "easing": "in_out_circ",
    "duration": "$transition_time_pop",
    "from": 0,
    "to": "$fill_alpha",
    "scale_from_starting_alpha": true
  },
  "modal_dialog_popup": {
    "$use_live_scrolling_bg": true,
    "$allow_scroll_even_when_content_fits": false,
    "$allow_scrolling_even_when_content_fits": false,
    "$dialog_background_override": "common.empty_panel",
    "$popup_animations|default": [
      "@popup_dialog.popup_anim_offset",
      "@popup_dialog.popup_anim_fade"
    ],
    "$popup_background_animations|default": [
      "@popup_dialog.popup_anim_bg_fade"
    ],
    "$fill_alpha|default": 0.8,
    "variables": [
      {
        "requires": "$three_buttons_visible",
        "$modal_screen_size": [310, 190],
        "$button_panel": "popup_dialog.three_buttons_panel",
        "$modal_panel_label_size": ["100% - 16px", "100% - 124px"]
      },
      {
        "requires": "$destructive_three_buttons_visible",
        "$modal_screen_size": [310, 190],
        "$button_panel": "popup_dialog.destructive_three_buttons_panel",
        "$modal_panel_label_size": ["100% - 16px", "100% - 124px"]
      },
      {
        "requires": "$two_buttons_visible",
        "$modal_screen_size": [310, 190],
        "$button_panel": "popup_dialog.two_buttons_panel",
        "$modal_panel_label_size": ["100% - 16px", "100% - 96px"]
      },
      {
        "requires": "$destructive_two_buttons_visible",
        "$modal_screen_size": [310, 190],
        "$button_panel": "popup_dialog.destructive_two_buttons_panel",
        "$modal_panel_label_size": ["100% - 16px", "100% - 96px"]
      },
      {
        "requires": "$single_button_visible",
        "$modal_screen_size": [310, 190],
        "$button_panel": "popup_dialog.single_button_panel",
        "$modal_panel_label_size": ["100% - 16px", "100% - 62px"]
      },
      {
        "requires": "$no_buttons_visible",
        "$modal_screen_size": [310, 190],
        "$button_panel": "common.empty_panel",
        "$modal_panel_label_size": ["100% - 16px", "100% - 28px"]
      }
    ]
  },
  "form_fit_screen_with_title_and_close/panel_content/header/header_content": {
    "font_type": "MinecraftTen",
    "font_scale_factor": 1.5,
    "color": "$main_header_text_color",
    "controls": [
      {
        "fake_shadow_text": {
          "type": "label",
          "text": "$modal_title",
          "font_type": "MinecraftTen",
          "font_scale_factor": 1.5,
          "color": [0, 0, 0],
          "offset": [0, 1],
          "alpha": 0.8,
          "layer": -1,
          "shadow": false,
          "bindings": [
            {
              "binding_name": "$modal_title",
              "binding_type": "$modal_title_binding_type",
              "binding_condition": "$modal_title_binding_condition"
            },
            {
              "binding_type": "view",
              "source_property_name": "($modal_title - '§0' - '§1' - '§2' - '§3' - '§4' - '§5' - '§6' - '§7' - '§8' - '§9' - '§a' - '§b' - '§c' - '§d' - '§e' - '§f' - '§g' - '§h' - '§i' - '§j' - '§k' - '§l' - '§m' - '§n' - '§o' - '§p' - '§q' - '§r' - '§s' - '§t' - '§u')",
              "target_property_name": "$modal_title"
            }
          ]
        }
      }
    ]
  },
  "form_fit_screen_with_title_and_close/panel_content/close_button_panel": {
    "controls": [
      {
        "close@common.transparent_bg_close_button": {
          "$close_button_offset": [-9, 3],
          "$close_button_to_button_id": "$popup_dialog_escape_button_name"
        }
      }
    ]
  },
  "form_fit_screen_with_title_and_close_and_bottom_buttons": {
    "$window_type": "common.empty_panel"
  },
  "form_fit_screen_with_title_and_close": {
    "$window_type": "common.empty_panel",
    "modifications": [
      {
        "array_name": "controls",
        "operation": "insert_front",
        "value": [
          {
            "dialog_top_bar@common.dialog_top_bar": {
              "size": ["100%sm - 22px", 1],
              "anchor_from": "top_middle",
              "anchor_to": "top_middle",
              "offset": [0, 25],
              "layer": 2
            }
          }
        ]
      }
    ]
  },
  "form_fit_modal_dialog_popup/background": {
    "size": ["120%", "120%"],
    "anims": "$popup_background_animations",
    "alpha": 1,
    "disable_anim_fast_forward": true
  },
  "form_fit_modal_dialog_popup/content": {
    "anims": "$popup_animations",
    "propagate_alpha": true,
    "disable_anim_fast_forward": true
  },
  "form_fit_modal_dialog_popup": {
    "$popup_animations|default": [
      "@popup_dialog.popup_anim_offset",
      "@popup_dialog.popup_anim_fade"
    ],
    "$popup_background_animations|default": [
      "@popup_dialog.popup_anim_bg_fade"
    ],
    "$fill_alpha|default": 0.8
  }
}
