{
  // To developers, the paper doll renderer using '#selected_skin' binding
  // is now enabled by default, using the skin preview toggle.
  "profile_screen_debug_view": {
    "ignored": true
  },

  "profile_screen_mid_padding": {
    "bindings": []
  },
  // ========

  "bottom_panel_content": {
    "max_size": "$profile_screen_bottom_panel_content_max_size",
    "$profile_screen_bottom_panel_content_max_size|default": [ 480, "100%cm" ]
  },

  "profile_screen": {
    "$store_header_icon": "textures/ui/sidebar_icons/my_characters",
    "$use_custom_panorama": "$is_pregame",
    "$screen_bg_content": "common.empty_panel",
    "$fill_alpha": "$fill_alpha",
    "$main_panel_control_animations": [
      "@common.screen_entrance_animation_push_offset",
      "@common.screen_entrance_animation_pop_offset",
      "@common.screen_exit_animation_push_offset",
      "@common.screen_exit_animation_pop_offset",
      "@common.screen_entrance_animation_push_fade",
      "@common.screen_entrance_animation_pop_fade",
      "@common.screen_exit_animation_push_fade",
      "@common.screen_exit_animation_pop_fade"
    ]
  },

  "profile_screen_main_content": {
    "anims": "$main_panel_control_animations",
    "$main_panel_control_animations|default": [],
    "propagate_alpha": true,
    "disable_anim_fast_forward": true,
    "animation_reset_name": "screen_animation_reset"
  },

  "preset_arrow_button": {
    "$focus_override_up": "$arrow_button_focus_override_up"
  },

  "preset_arrow_button_panel": {
    "$arrow_button_focus_override_up|default": "preview_skin_full_toggle"
  },

  "preview_skin_full_toggle@common_toggles.light_content_toggle_visibility": {
    "size": [ 22, 22 ],
    "$button_content": "persona.view_character_icon",
    "$toggle_name": "preview_skin_full_toggle",
    "$toggle_tts_name": "dr.header.previewAppearance",
    "$focus_id": "preview_skin_full_toggle",
    "$focus_override_down": "preset_arrow_button_left"
  },

  "skin_preview": {
    "type": "input_panel",
    "anchor_to": "top_middle",
    "anchor_from": "top_middle",
    "size": [ "80%", "80%" ],
    "gesture_tracking_button": "button.turn_doll",
    "button_mappings": [
      {
        "from_button_id": "button.menu_select",
        "to_button_id": "button.turn_doll",
        "mapping_type": "pressed",
        "button_up_right_of_first_refusal": true
      }
    ],
    "focus_enabled": true,
    "layer": 5,
    "controls": [
      {
        "skin_preview_panel": {
          "type": "panel",
          "size": [ "51%y", "110%" ],
          "controls": [
            {
              "paper_doll": {
                "type": "custom",
                "renderer": "paper_doll_renderer",
                "camera_tilt_degrees": -10,
                "starting_rotation": 30,
                "rotation": "gesture_x",
                "offset": [ 0, -2 ],
                "layer": 5,
                "use_selected_skin": false,

                "animation_reset_name": "screen_animation_reset",
                "anims": [
                  "@common.screen_exit_size_animation_push",
                  "@common.screen_exit_size_animation_pop",
                  "@common.screen_entrance_size_animation_push",
                  "@common.screen_entrance_size_animation_pop"
                ],
                "bindings": [
                  {
                    "binding_type": "global",
                    "binding_name": "#selected_skin"
                  },
                  {
                    "binding_type": "view",
                    "source_control_name": "skin_preview",
                    "source_property_name": "#gesture_delta_source",
                    "target_property_name": "#gesture_delta_source"
                  },
                  {
                    "binding_type": "view",
                    "source_control_name": "skin_preview",
                    "source_property_name": "#gesture_mouse_delta_x",
                    "target_property_name": "#gesture_mouse_delta_x"
                  }
                ]
              }
            }
          ]
        }
      }
    ]
  },

  "profile_screen_preview_panel_content": {
    "type": "panel",
    "focus_container": true,
    "use_last_focus": false,
    "focus_wrap_enabled": false,
    "focus_navigation_mode_left": "$main_content_focus_container_left",
    "focus_container_custom_left": "$main_content_focus_container_left_custom",
    "$preset_arrow_button_layer": 10,

    "anims": "$main_panel_control_animations",
    "$main_panel_control_animations|default": [],
    "propagate_alpha": true,
    "disable_anim_fast_forward": true,
    "animation_reset_name": "screen_animation_reset",

    "controls": [
      {
        "skin_preview_panel": {
          "type": "panel",
          "size": [ "100%", "100%" ],
          "controls": [
            {
              "skin_preview@profile.skin_preview": {
              }
            }
          ]
        }
      },
      {
        "arrow_left_panel@profile.preset_arrow_button_left_panel": {
          "anchor_from": "left_middle",
          "anchor_to": "left_middle",
          "offset": [ 8, 0 ]
        }
      },
      {
        "arrow_right_panel@profile.preset_arrow_button_right_panel": {
          "anchor_from": "right_middle",
          "anchor_to": "right_middle",
          "offset": [ -8, 0 ]
        }
      }
    ]
  },

  "featured_pieces_info_panel": {
    "size": [ "100%", 54 ],
    "bindings": [
      {
        "binding_type": "view",
        "source_control_name": "feature_set_visibility_toggle",
        "source_property_name": "#toggle_state",
        "target_property_name": "#visible"
      }
    ]
  },

  "featured_persona_pieces_content_panel": {
    "size": [ "100%", "100%c" ],
    "modifications": [
      {
        "array_name": "controls",
        "operation": "insert_back",
        "value": [
          {
            "padding_hack@common.empty_panel": {
              "size": [ "100%", -14 ],
              "bindings": [
                {
                  "binding_type": "view",
                  "source_control_name": "feature_set_visibility_toggle",
                  "source_property_name": "#toggle_state",
                  "target_property_name": "#visible"
                }
              ]
            }
          }
        ]
      }
    ]
  },

  "featured_skins_info_panel": {
    "size": [ "100%", 35 ],
    "bindings": [
      {
        "binding_type": "view",
        "source_control_name": "feature_set_visibility_toggle",
        "source_property_name": "#toggle_state",
        "target_property_name": "#visible"
      }
    ]
  },

  "featured_custom_skins_content_panel": {
    "size": [ "100%", "100%c" ],
    "modifications": [
      {
        "array_name": "controls",
        "operation": "insert_back",
        "value": [
          {
            "padding_hack@common.empty_panel": {
              "size": [ "100%", 5 ],
              "bindings": [
                {
                  "binding_type": "view",
                  "source_control_name": "feature_set_visibility_toggle",
                  "source_property_name": "#toggle_state",
                  "target_property_name": "#visible"
                }
              ]
            }
          }
        ]
      }
    ]
  },

  "feature_set_stack_panel": {
    "size": [ "100%", "100%cm" ],
    "modifications": [
      {
        "array_name": "controls",
        "operation": "insert_front",
        "value": [
          {
            "feature_set_visibility_toggle@common_toggles.icon_toggle": {
              "size": [ "100%", 14 ],
              "$toggle_name": "feature_set_visibility_toggle",
              "$toggle_on_image": "textures/ui/arrow_down_white",
              "$toggle_off_image": "textures/ui/arrow_up_white",
              "$toggle_image_size": [ 7, 4 ],
              "$toggle_image_anchor": "right_middle",
              "$toggle_image_offset": [ -4, 0 ],
              "anchor_from": "top_right",
              "anchor_to": "top_right",
              "layer": 6
            }
          },
          {
            "featured_pieces_tag_wrapper": {
              "type": "panel",
              "size": [ 0, 0 ],
              "anchor_from": "top_right",
              "anchor_to": "top_right",
              "bindings": [
                {
                  "binding_name": "#is_classic_skin_profile_selected",
                  "binding_name_override": "#visible"
                }
              ],
              "controls": [
                {
                  "featured_pieces_info_tags_panel@profile.featured_info_tags_panel": {
                    "$tag_collector_mode": "pieces"
                  }
                }
              ]
            }
          },
          {
            "featured_skins_tag_wrapper": {
              "type": "panel",
              "size": [ 0, 0 ],
              "anchor_from": "top_right",
              "anchor_to": "top_right",
              "bindings": [
                {
                  "binding_name": "(not #is_classic_skin_profile_selected)",
                  "binding_name_override": "#visible"
                }
              ],
              "controls": [
                {
                  "featured_pieces_info_tags_panel@profile.featured_info_tags_panel": {
                    "$tag_collector_mode": "skin_packs"
                  }
                }
              ]
            }
          }
        ]
      }
    ]
  },

  "profile_screen_panel_content": {
    "type": "panel",
    "controls": [
      {
        "profile_screen_main_panel_content@profile.profile_screen_main_panel_content": {
          "bindings": [
            {
              "binding_type": "view",
              "source_control_name": "preview_skin_full_toggle",
              "source_property_name": "(not #toggle_state)",
              "target_property_name": "#visible"
            }
          ]
        }
      },
      {
        "profile_screen_preview_panel_content@profile.profile_screen_preview_panel_content": {
          "bindings": [
            {
              "binding_type": "view",
              "source_control_name": "preview_skin_full_toggle",
              "source_property_name": "#toggle_state",
              "target_property_name": "#visible"
            }
          ]
        }
      },
      {
        "preview_skin_full_toggle@profile.preview_skin_full_toggle": {
          "anchor_from": "top_left",
          "anchor_to": "top_left",
          "layer": "($preset_appearance_front_layer + 5)",
          "offset": [ 2, 2 ]
        }
      },
      {
        "skin_name": {
          "type": "label",
          "size": [ "100%", "default" ],
          "layer": "($preset_appearance_front_layer + 15)",
          "color": "$dressing_room_right_side_default_text_color",
          "text": "#selected_skin_name",
          "anchor_from": "top_left",
          "anchor_to": "top_left",
          "offset": [ 26, 4 ],
          "bindings": [
            {
              "binding_name": "#selected_skin_name"
            },
            {
              "ignored": "$debug_mode",
              "binding_name": "#is_using_dressing_room_debugging",
              "binding_name_override": "#visible"
            }
          ]
        }
      }
    ]
  },

  "profile_screen_main_panel": {
    "$sidebar_main_view_content": "profile.profile_screen_panel_content"
  },

  "profile_screen_main_content/featured_section_disabled_padding": {
    "ignored": false,
    "bindings": [
      {
        "binding_name": "#marketplace_disabled",
        "binding_name_override": "#visible"
      }
    ]
  },

  "modal_window_input_blocker": {
    "size": [ "150%", "150%" ]
  },

  "popup_dialog__delete_persona": {
    "size": [ "100%", "100%" ],
    "modifications": [
      {
        "array_name": "controls",
        "operation": "insert_front",
        "value": [
          {
            "background_image": {
              "type": "image",
              "size": [ "150%", "150%" ],
              "texture": "textures/ui/White",
              "color": "$dressing_room_dark_bg_color",
              "alpha": 0.8
            }
          }
        ]
      }
    ]
  },

  "popup_dialog__delete_persona/popup_dialog_bg": {
    "size": [ 260, 130 ]
  },

  "popup_toast": {
    "layer": 1000,
    "$toast_control": "toast_message",
    "$display_time": 3.0,
    "$transition_in_time": 0.5,
    "$transition_out_time": 0.3,
    "$popup_size": [ 206, 22 ],
    "$toast_anchor_from": "top_middle",
    "$toast_anchor_to": "top_middle",
    "$toast_offset": "@toast_screen.formfit_toast_offset_anim_start",
    "$alpha_anims": []
  },

  "featured_pieces_info_pf_panel": {
    "type": "collection_panel",
    "visible": false,
    "size": [ 2, 2 ],
    "$piece_section_collection_details": "collection_details",
    "$piece_section_collection_prefix": "piece_section",
    "$piece_section_collection_name": "piece_section_collection",

    "collection_name": "$piece_section_collection_name",

    "controls": [
      {
        "panel@profile.cat_persona_featured_piece_offer_info_grid": {
          "collection_index": 0
        }
      },
      {
        "free_featured_pieces_summary_count": {
          "type": "label",
          "text": "#text",
          "offset": [ -40, 0 ],
          "bindings": [
            {
              "binding_type": "view",
              "source_control_name": "ppo_info0",
              "source_property_name": "#is_content_visible_and_redeemable",
              "target_property_name": "#fs0"
            },
            {
              "binding_type": "view",
              "source_control_name": "ppo_info1",
              "source_property_name": "#is_content_visible_and_redeemable",
              "target_property_name": "#fs1"
            },
            {
              "binding_type": "view",
              "source_control_name": "ppo_info2",
              "source_property_name": "#is_content_visible_and_redeemable",
              "target_property_name": "#fs2"
            },
            {
              "binding_type": "view",
              "source_control_name": "ppo_info3",
              "source_property_name": "#is_content_visible_and_redeemable",
              "target_property_name": "#fs3"
            },
            {
              "binding_type": "view",
              "source_control_name": "ppo_info4",
              "source_property_name": "#is_content_visible_and_redeemable",
              "target_property_name": "#fs4"
            },
            {
              "binding_type": "view",
              "source_control_name": "ppo_info5",
              "source_property_name": "#is_content_visible_and_redeemable",
              "target_property_name": "#fs5"
            },
            {
              "binding_type": "view",
              "source_control_name": "ppo_info6",
              "source_property_name": "#is_content_visible_and_redeemable",
              "target_property_name": "#fs6"
            },
            {
              "binding_type": "view",
              "source_control_name": "ppo_info7",
              "source_property_name": "#is_content_visible_and_redeemable",
              "target_property_name": "#fs7"
            },
            {
              "binding_type": "view",
              "source_control_name": "ppo_info8",
              "source_property_name": "#is_content_visible_and_redeemable",
              "target_property_name": "#fs8"
            },
            {
              "binding_type": "view",
              "source_control_name": "ppo_info9",
              "source_property_name": "#is_content_visible_and_redeemable",
              "target_property_name": "#fs9"
            },
            {
              "binding_type": "view",
              "source_property_name": "(#fs0 * 1 + #fs1 * 1 + #fs2 * 1 + #fs3 * 1 + #fs4 * 1 + #fs5 * 1 + #fs6 * 1 + #fs7 * 1 + #fs8 * 1 + #fs9 * 1)",
              "target_property_name": "#featured_free_items_count"
            },
            {
              "binding_type": "view",
              "source_property_name": "('c: ' + #featured_free_items_count)",
              "target_property_name": "#text"
            }
          ]
        }
      },
      {
        "on_sale_featured_pieces_summary_count": {
          "type": "label",
          "text": "#text",
          "offset": [ -10, 0 ],
          "bindings": [
            {
              "binding_type": "view",
              "source_control_name": "ppo_info0",
              "source_property_name": "#is_content_visible_and_on_sale",
              "target_property_name": "#ss0"
            },
            {
              "binding_type": "view",
              "source_control_name": "ppo_info1",
              "source_property_name": "#is_content_visible_and_on_sale",
              "target_property_name": "#ss1"
            },
            {
              "binding_type": "view",
              "source_control_name": "ppo_info2",
              "source_property_name": "#is_content_visible_and_on_sale",
              "target_property_name": "#ss2"
            },
            {
              "binding_type": "view",
              "source_control_name": "ppo_info3",
              "source_property_name": "#is_content_visible_and_on_sale",
              "target_property_name": "#ss3"
            },
            {
              "binding_type": "view",
              "source_control_name": "ppo_info4",
              "source_property_name": "#is_content_visible_and_on_sale",
              "target_property_name": "#ss4"
            },
            {
              "binding_type": "view",
              "source_control_name": "ppo_info5",
              "source_property_name": "#is_content_visible_and_on_sale",
              "target_property_name": "#ss5"
            },
            {
              "binding_type": "view",
              "source_control_name": "ppo_info6",
              "source_property_name": "#is_content_visible_and_on_sale",
              "target_property_name": "#ss6"
            },
            {
              "binding_type": "view",
              "source_control_name": "ppo_info7",
              "source_property_name": "#is_content_visible_and_on_sale",
              "target_property_name": "#ss7"
            },
            {
              "binding_type": "view",
              "source_control_name": "ppo_info8",
              "source_property_name": "#is_content_visible_and_on_sale",
              "target_property_name": "#ss8"
            },
            {
              "binding_type": "view",
              "source_control_name": "ppo_info9",
              "source_property_name": "#is_content_visible_and_on_sale",
              "target_property_name": "#ss9"
            },
            {
              "binding_type": "view",
              "source_property_name": "(#ss0 * 1 + #ss1 * 1 + #ss2 * 1 + #ss3 * 1 + #ss4 * 1 + #ss5 * 1 + #ss6 * 1 + #ss7 * 1 + #ss8 * 1 + #ss9 * 1)",
              "target_property_name": "#featured_on_sale_items_count"
            },
            {
              "binding_type": "view",
              "source_property_name": "('o: ' + #featured_on_sale_items_count)",
              "target_property_name": "#text"
            }
          ]
        }
      },
      {
        "limited_featured_pieces_summary_count": {
          "type": "label",
          "text": "#text",
          "offset": [ 20, 0 ],
          "bindings": [
            {
              "binding_type": "view",
              "source_control_name": "ppo_info0",
              "source_property_name": "#is_content_visible_and_limited",
              "target_property_name": "#lts0"
            },
            {
              "binding_type": "view",
              "source_control_name": "ppo_info1",
              "source_property_name": "#is_content_visible_and_limited",
              "target_property_name": "#lts1"
            },
            {
              "binding_type": "view",
              "source_control_name": "ppo_info2",
              "source_property_name": "#is_content_visible_and_limited",
              "target_property_name": "#lts2"
            },
            {
              "binding_type": "view",
              "source_control_name": "ppo_info3",
              "source_property_name": "#is_content_visible_and_limited",
              "target_property_name": "#lts3"
            },
            {
              "binding_type": "view",
              "source_control_name": "ppo_info4",
              "source_property_name": "#is_content_visible_and_limited",
              "target_property_name": "#lts4"
            },
            {
              "binding_type": "view",
              "source_control_name": "ppo_info5",
              "source_property_name": "#is_content_visible_and_limited",
              "target_property_name": "#lts5"
            },
            {
              "binding_type": "view",
              "source_control_name": "ppo_info6",
              "source_property_name": "#is_content_visible_and_limited",
              "target_property_name": "#lts6"
            },
            {
              "binding_type": "view",
              "source_control_name": "ppo_info7",
              "source_property_name": "#is_content_visible_and_limited",
              "target_property_name": "#lts7"
            },
            {
              "binding_type": "view",
              "source_control_name": "ppo_info8",
              "source_property_name": "#is_content_visible_and_limited",
              "target_property_name": "#lts8"
            },
            {
              "binding_type": "view",
              "source_control_name": "ppo_info9",
              "source_property_name": "#is_content_visible_and_limited",
              "target_property_name": "#lts9"
            },
            {
              "binding_type": "view",
              "source_property_name": "(#lts0 * 1 + #lts1 * 1 + #lts2 * 1 + #lts3 * 1 + #lts4 * 1 + #lts5 * 1 + #lts6 * 1 + #lts7 * 1 + #lts8 * 1 + #lts9 * 1)",
              "target_property_name": "#featured_limited_items_count"
            },
            {
              "binding_type": "view",
              "source_property_name": "('l: ' + #featured_limited_items_count)",
              "target_property_name": "#text"
            }
          ]
        }
      },
      {
        "new_featured_pieces_summary_count": {
          "type": "label",
          "text": "#text",
          "offset": [ 60, 0 ],
          "bindings": [
            {
              "binding_type": "view",
              "source_control_name": "ppo_info0",
              "source_property_name": "#is_content_visible_and_new",
              "target_property_name": "#ns0"
            },
            {
              "binding_type": "view",
              "source_control_name": "ppo_info1",
              "source_property_name": "#is_content_visible_and_new",
              "target_property_name": "#ns1"
            },
            {
              "binding_type": "view",
              "source_control_name": "ppo_info2",
              "source_property_name": "#is_content_visible_and_new",
              "target_property_name": "#ns2"
            },
            {
              "binding_type": "view",
              "source_control_name": "ppo_info3",
              "source_property_name": "#is_content_visible_and_new",
              "target_property_name": "#ns3"
            },
            {
              "binding_type": "view",
              "source_control_name": "ppo_info4",
              "source_property_name": "#is_content_visible_and_new",
              "target_property_name": "#ns4"
            },
            {
              "binding_type": "view",
              "source_control_name": "ppo_info5",
              "source_property_name": "#is_content_visible_and_new",
              "target_property_name": "#ns5"
            },
            {
              "binding_type": "view",
              "source_control_name": "ppo_info6",
              "source_property_name": "#is_content_visible_and_new",
              "target_property_name": "#ns6"
            },
            {
              "binding_type": "view",
              "source_control_name": "ppo_info7",
              "source_property_name": "#is_content_visible_and_new",
              "target_property_name": "#ns7"
            },
            {
              "binding_type": "view",
              "source_control_name": "ppo_info8",
              "source_property_name": "#is_content_visible_and_new",
              "target_property_name": "#ns8"
            },
            {
              "binding_type": "view",
              "source_control_name": "ppo_info9",
              "source_property_name": "#is_content_visible_and_new",
              "target_property_name": "#ns9"
            },
            {
              "binding_type": "view",
              "source_property_name": "(#ns0 * 1 + #ns1 * 1 + #ns2 * 1 + #ns3 * 1 + #ns4 * 1 + #ns5 * 1 + #ns6 * 1 + #ns7 * 1 + #ns8 * 1 + #ns9 * 1)",
              "target_property_name": "#featured_new_items_count"
            },
            {
              "binding_type": "view",
              "source_property_name": "('l: ' + #featured_new_items_count)",
              "target_property_name": "#text"
            }
          ]
        }
      }
    ]
  },

  "cat_persona_featured_piece_offer_info_grid": {
    "type": "stack_panel",
    "size": [ 2, 2 ],
    "$piece_section_collection_details": "collection_details",
    "$piece_section_collection_prefix": "piece_section",
    "$piece_section_collection_name": "piece_section_collection",

    "bindings": [
      {
        "binding_type": "$piece_section_collection_details",
        "binding_collection_name": "$piece_section_collection_name",
        "binding_collection_prefix": "$piece_section_collection_prefix"
      }
    ],
    "controls": [
      {
        "grid@profile.persona_featured_piece_offer_info_grid": {}
      }
    ]
  },

  "persona_featured_piece_offer_info_grid": {
    "type": "stack_panel",
    "orientation": "horizontal",
    "size": [ "100%", "100%" ],

    "$item_template": "profile.featured_item_info_states",
    "$persona_piece_prefix|default": "piece",
    "$persona_piece_binding_type|default": "collection",
    "$persona_piece_collection_details|default": "collection_details",
    "$persona_piece_collection_name|default": "piece_collection",
    "collection_name": "$persona_piece_collection_name",

    "$content_visible_binding_name": "#is_piece_visible",

    "$piece_section_collection_name|default": "",
    "$piece_section_collection_prefix|default": "",

    "bindings": [
      {
        "binding_type": "$piece_section_collection_details",
        "binding_collection_name": "$piece_section_collection_name",
        "binding_collection_prefix": "$piece_section_collection_prefix"
      }
    ],
    "controls": [
      { "ppo_info0@$item_template": { "collection_index": 0 } },
      { "ppo_info1@$item_template": { "collection_index": 1 } },
      { "ppo_info2@$item_template": { "collection_index": 2 } },
      { "ppo_info3@$item_template": { "collection_index": 3 } },
      { "ppo_info4@$item_template": { "collection_index": 4 } },
      { "ppo_info5@$item_template": { "collection_index": 5 } },
      { "ppo_info6@$item_template": { "collection_index": 6 } },
      { "ppo_info7@$item_template": { "collection_index": 7 } },
      { "ppo_info8@$item_template": { "collection_index": 8 } },
      { "ppo_info9@$item_template": { "collection_index": 9 } }
    ]
  },

  "persona_featured_skin_pack_offer_info_grid": {
    "visible": false,
    "type": "stack_panel",
    "orientation": "horizontal",
    "size": [ 2, 2 ],

    "$item_template": "profile.featured_item_info_states",
    "$persona_piece_prefix|default": "persona_featured_skin_pack",
    "$persona_piece_binding_type|default": "collection",
    "$persona_piece_collection_details|default": "collection_details",
    "$persona_piece_collection_name|default": "persona_featured_skin_pack_collection",
    "collection_name": "$persona_piece_collection_name",

    "$content_visible_binding_name": "#is_featured_pack_visible",

    "$piece_section_collection_name|default": "",
    "$piece_section_collection_prefix|default": "",

    "controls": [
      { "pso_info0@$item_template": { "collection_index": 0 } },
      { "pso_info1@$item_template": { "collection_index": 1 } },
      { "pso_info2@$item_template": { "collection_index": 2 } },
      { "pso_info3@$item_template": { "collection_index": 3 } },
      { "pso_info4@$item_template": { "collection_index": 4 } },
      { "pso_info5@$item_template": { "collection_index": 5 } },
      {
        "free_featured_skin_packs_summary_count": {
          "type": "label",
          "text": "#text",
          "offset": [ -40, 0 ],
          "bindings": [
            {
              "binding_type": "view",
              "source_control_name": "pso_info0",
              "source_property_name": "#is_content_visible_and_redeemable",
              "target_property_name": "#fs0",
              "resolve_sibling_scope": true
            },
            {
              "binding_type": "view",
              "source_control_name": "pso_info1",
              "source_property_name": "#is_content_visible_and_redeemable",
              "target_property_name": "#fs1",
              "resolve_sibling_scope": true
            },
            {
              "binding_type": "view",
              "source_control_name": "pso_info2",
              "source_property_name": "#is_content_visible_and_redeemable",
              "target_property_name": "#fs2",
              "resolve_sibling_scope": true
            },
            {
              "binding_type": "view",
              "source_control_name": "pso_info3",
              "source_property_name": "#is_content_visible_and_redeemable",
              "target_property_name": "#fs3",
              "resolve_sibling_scope": true
            },
            {
              "binding_type": "view",
              "source_control_name": "pso_info4",
              "source_property_name": "#is_content_visible_and_redeemable",
              "target_property_name": "#fs4",
              "resolve_sibling_scope": true
            },
            {
              "binding_type": "view",
              "source_control_name": "pso_info5",
              "source_property_name": "#is_content_visible_and_redeemable",
              "target_property_name": "#fs5",
              "resolve_sibling_scope": true
            },
            {
              "binding_type": "view",
              "source_property_name": "(#fs0 * 1 + #fs1 * 1 + #fs2 * 1 + #fs3 * 1 + #fs4 * 1 + #fs5 * 1)",
              "target_property_name": "#featured_free_items_count"
            },
            {
              "binding_type": "view",
              "source_property_name": "('c: ' + #featured_free_items_count)",
              "target_property_name": "#text"
            }
          ]
        }
      },
      {
        "on_sale_featured_skin_packs_summary_count": {
          "type": "label",
          "text": "#text",
          "offset": [ -10, 0 ],
          "bindings": [
            {
              "binding_type": "view",
              "source_control_name": "pso_info0",
              "source_property_name": "#is_content_visible_and_on_sale",
              "target_property_name": "#ss0",
              "resolve_sibling_scope": true
            },
            {
              "binding_type": "view",
              "source_control_name": "pso_info1",
              "source_property_name": "#is_content_visible_and_on_sale",
              "target_property_name": "#ss1",
              "resolve_sibling_scope": true
            },
            {
              "binding_type": "view",
              "source_control_name": "pso_info2",
              "source_property_name": "#is_content_visible_and_on_sale",
              "target_property_name": "#ss2",
              "resolve_sibling_scope": true
            },
            {
              "binding_type": "view",
              "source_control_name": "pso_info3",
              "source_property_name": "#is_content_visible_and_on_sale",
              "target_property_name": "#ss3",
              "resolve_sibling_scope": true
            },
            {
              "binding_type": "view",
              "source_control_name": "pso_info4",
              "source_property_name": "#is_content_visible_and_on_sale",
              "target_property_name": "#ss4",
              "resolve_sibling_scope": true
            },
            {
              "binding_type": "view",
              "source_control_name": "pso_info5",
              "source_property_name": "#is_content_visible_and_on_sale",
              "target_property_name": "#ss5",
              "resolve_sibling_scope": true
            },
            {
              "binding_type": "view",
              "source_property_name": "(#ss0 * 1 + #ss1 * 1 + #ss2 * 1 + #ss3 * 1 + #ss4 * 1 + #ss5 * 1)",
              "target_property_name": "#featured_on_sale_items_count"
            },
            {
              "binding_type": "view",
              "source_property_name": "('o: ' + #featured_on_sale_items_count)",
              "target_property_name": "#text"
            }
          ]
        }
      },
      {
        "limited_featured_skin_packs_summary_count": {
          "type": "label",
          "text": "#text",
          "offset": [ 20, 0 ],
          "bindings": [
            {
              "binding_type": "view",
              "source_control_name": "pso_info0",
              "source_property_name": "#is_content_visible_and_limited",
              "target_property_name": "#lts0",
              "resolve_sibling_scope": true
            },
            {
              "binding_type": "view",
              "source_control_name": "pso_info1",
              "source_property_name": "#is_content_visible_and_limited",
              "target_property_name": "#lts1",
              "resolve_sibling_scope": true
            },
            {
              "binding_type": "view",
              "source_control_name": "pso_info2",
              "source_property_name": "#is_content_visible_and_limited",
              "target_property_name": "#lts2",
              "resolve_sibling_scope": true
            },
            {
              "binding_type": "view",
              "source_control_name": "pso_info3",
              "source_property_name": "#is_content_visible_and_limited",
              "target_property_name": "#lts3",
              "resolve_sibling_scope": true
            },
            {
              "binding_type": "view",
              "source_control_name": "pso_info4",
              "source_property_name": "#is_content_visible_and_limited",
              "target_property_name": "#lts4",
              "resolve_sibling_scope": true
            },
            {
              "binding_type": "view",
              "source_control_name": "pso_info5",
              "source_property_name": "#is_content_visible_and_limited",
              "target_property_name": "#lts5",
              "resolve_sibling_scope": true
            },
            {
              "binding_type": "view",
              "source_property_name": "(#lts0 * 1 + #lts1 * 1 + #lts2 * 1 + #lts3 * 1 + #lts4 * 1 + #lts5 * 1)",
              "target_property_name": "#featured_limited_items_count"
            },
            {
              "binding_type": "view",
              "source_property_name": "('l: ' + #featured_limited_items_count)",
              "target_property_name": "#text"
            }
          ]
        }
      },
      {
        "new_featured_skin_packs_summary_count": {
          "type": "label",
          "text": "#text",
          "offset": [ 60, 0 ],
          "bindings": [
            {
              "binding_type": "view",
              "source_control_name": "pso_info0",
              "source_property_name": "#is_content_visible_and_new",
              "target_property_name": "#ns0",
              "resolve_sibling_scope": true
            },
            {
              "binding_type": "view",
              "source_control_name": "pso_info1",
              "source_property_name": "#is_content_visible_and_new",
              "target_property_name": "#ns1",
              "resolve_sibling_scope": true
            },
            {
              "binding_type": "view",
              "source_control_name": "pso_info2",
              "source_property_name": "#is_content_visible_and_new",
              "target_property_name": "#ns2",
              "resolve_sibling_scope": true
            },
            {
              "binding_type": "view",
              "source_control_name": "pso_info3",
              "source_property_name": "#is_content_visible_and_new",
              "target_property_name": "#ns3",
              "resolve_sibling_scope": true
            },
            {
              "binding_type": "view",
              "source_control_name": "pso_info4",
              "source_property_name": "#is_content_visible_and_new",
              "target_property_name": "#ns4",
              "resolve_sibling_scope": true
            },
            {
              "binding_type": "view",
              "source_control_name": "pso_info5",
              "source_property_name": "#is_content_visible_and_new",
              "target_property_name": "#ns5",
              "resolve_sibling_scope": true
            },
            {
              "binding_type": "view",
              "source_property_name": "(#ns0 * 1 + #ns1 * 1 + #ns2 * 1 + #ns3 * 1 + #ns4 * 1 + #ns5 * 1)",
              "target_property_name": "#featured_new_items_count"
            },
            {
              "binding_type": "view",
              "source_property_name": "('l: ' + #featured_new_items_count)",
              "target_property_name": "#text"
            }
          ]
        }
      }
    ]
  },

  "featured_item_info_states": {
    "type": "panel",
    "size": [ 10, 10 ],

    "$piece_section_collection_details|default": "none",
    "$piece_section_collection_prefix|default": "",
    "$piece_section_collection_name|default": "",

    "$content_visible_binding_name|default": "",

    "bindings": [
      {
        "binding_type": "$piece_section_collection_details",
        "binding_collection_name": "$piece_section_collection_name",
        "binding_collection_prefix": "$piece_section_collection_prefix"
      },
      {
        "binding_type": "$persona_piece_collection_details",
        "binding_collection_name": "$persona_piece_collection_name",
        "binding_collection_prefix": "$persona_piece_prefix"
      },
      {
        "binding_type": "collection",
        "binding_collection_name": "$persona_piece_collection_name",
        "binding_name": "$content_visible_binding_name",
        "binding_name_override": "#is_content_visible"
      },
      {
        "binding_type": "collection",
        "binding_collection_name": "$persona_piece_collection_name",
        "binding_name": "#is_redeemable",
        "binding_name_override": "#is_free_download"
      },
      {
        "binding_type": "collection",
        "binding_collection_name": "$persona_piece_collection_name",
        "binding_name": "#is_offer_on_sale",
        "binding_name_override": "#is_on_sale"
      },
      {
        "binding_type": "collection",
        "binding_collection_name": "$persona_piece_collection_name",
        "binding_name": "#is_limited_time_offer",
        "binding_name_override": "#is_lto"
      },
      {
        "binding_type": "collection",
        "binding_collection_name": "$persona_piece_collection_name",
        "binding_name": "#is_offer_new",
        "binding_name_override": "#is_new"
      },
      {
        "binding_type": "view",
        "source_property_name": "(#is_content_visible and #is_free_download)",
        "target_property_name": "#is_content_visible_and_redeemable"
      },
      {
        "binding_type": "view",
        "source_property_name": "(#is_content_visible and #is_on_sale)",
        "target_property_name": "#is_content_visible_and_on_sale"
      },
      {
        "binding_type": "view",
        "source_property_name": "(#is_content_visible and #is_lto)",
        "target_property_name": "#is_content_visible_and_limited"
      },
      {
        "binding_type": "view",
        "source_property_name": "(#is_content_visible and #is_new)",
        "target_property_name": "#is_content_visible_and_new"
      }
    ]
  },

  "featured_items_info_tag": {
    "type": "image",
    "texture": "$tag_texture",
    "color": "$tag_color",
    "size": "$tag_size",

    "$tag_texture|default": "textures/ui/flyout",
    "$tag_size|default": [ "100%c + 4px", 18 ],
    "$tag_color|default": [ 1, 1, 1 ],
    "$tag_content_offset|default": [ 0, 2 ],
    "$tag_text|default": "",
    "$tag_text_color|default": "$store_sales_banner_text_color",
    "$has_icon|default": false,
    "$icon_texture|default": "",
    "$icon_size|default": [ 8, 10 ],
    "controls": [
      {
        "content": {
          "type": "stack_panel",
          "orientation": "horizontal",
          "size": [ "100%c", "100%cm" ],
          "anchor_from": "top_middle",
          "anchor_to": "top_middle",
          "offset": "$tag_content_offset",
          "layer": 1,
          "controls": [
            {
              "icon": {
                "ignored": "(not $has_icon)",
                "type": "image",
                "size": "$icon_size",
                "texture": "$icon_texture"
              }
            },
            {
              "pad@common.empty_panel": {
                "ignored": "(not $has_icon)",
                "size": [ 2, 0 ]
              }
            },
            {
              "label": {
                "type": "label",
                "size": [ "default", 10 ],
                "text": "$tag_text",
                "color": "$tag_text_color"
              }
            }
          ]
        }
      }
    ]
  },

  "featured_info_tags_panel": {
    "type": "stack_panel",
    "orientation": "vertical",
    "size": [ "100%cm", "100%c" ],
    "anchor_from": "top_right",
    "anchor_to": "bottom_right",
    "offset": [ 1, -1 ],
    "layer": 15,
    "$tag_collector_mode|default": "pieces",
    "controls": [
      {
        "on_sale_featured_pieces_tag@profile.featured_items_info_tag": {
          "$tag_size": [ "100%c + 4px", 15 ],
          "$tag_content_offset": [ 0, 1 ],
          "$tag_color": "$coin_color",
          "$tag_text": "store.startMenu.sale",
          "$tag_text_color": "$store_sales_banner_text_color",
          "bindings": [
            {
              "binding_type": "view",
              "source_control_name": "('on_sale_featured_' + $tag_collector_mode + '_summary_count')",
              "source_property_name": "(#featured_on_sale_items_count > 0)",
              "target_property_name": "#visible"
            }
          ]
        }
      },
      {
        "limited_featured_pieces_tag@profile.featured_items_info_tag": {
          "$tag_size": [ "100%c + 4px", 17 ],
          "$tag_text": "dr.banner.limitedTimeOffer",
          "$tag_text_color": "$store_sales_banner_text_color",
          "$has_icon": true,
          "$icon_texture": "textures/ui/icon_timer",
          "$icon_size": [ 9, 9 ],
          "bindings": [
            {
              "binding_type": "view",
              "source_control_name": "('limited_featured_' + $tag_collector_mode + '_summary_count')",
              "source_property_name": "(#featured_limited_items_count > 0)",
              "target_property_name": "#visible"
            }
          ]
        }
      },
      {
        "free_featured_pieces_tag@profile.featured_items_info_tag": {
          "$tag_color": "$coin_color",
          "$tag_text": "store.free.uppercase",
          "$tag_text_color": "$store_sales_banner_text_color",
          "$has_icon": true,
          "$icon_texture": "textures/ui/free_download",
          "$icon_size": [ 8, 10 ],
          "bindings": [
            {
              "binding_type": "view",
              "source_control_name": "('free_featured_' + $tag_collector_mode + '_summary_count')",
              "source_property_name": "(#featured_free_items_count > 0)",
              "target_property_name": "#visible"
            }
          ]
        }
      },
      {
        "new_featured_pieces_tag@profile.featured_items_info_tag": {
          "$tag_texture": "textures/ui/newOffersIcon",
          "$tag_size": [ "100%c + 4px", 15 ],
          "$tag_text": "store.new.icon",
          "$tag_content_offset": [ 0, 1 ],
          "$tag_text_color": "$new_offer_icon_text_color",
          "bindings": [
            {
              "binding_type": "view",
              "source_control_name": "('new_featured_' + $tag_collector_mode + '_summary_count')",
              "source_property_name": "(#featured_new_items_count > 0)",
              "target_property_name": "#visible"
            }
          ]
        }
      }
    ]
  },

  "profile_screen_main_panel_content": {
    "modifications": [
      {
        "array_name": "controls",
        "operation": "insert_back",
        "value": [
          {
            "featured_pieces_info_pf_panel@profile.featured_pieces_info_pf_panel": {}
          },
          {
            "persona_featured_skin_pack_offer_info_grid@profile.persona_featured_skin_pack_offer_info_grid": {}
          }
        ]
      }
    ]
  }
}