{
  "content": {
    "modifications": [
      {
        "control_name": "top_bar_gradient",
        "operation": "remove"
      }
    ]
  },

  "content/edit_button_instance": { "layer": 30 },
  "content/screenshots_label": { "layer": 30 },

  "screenshotpicker_screen": {
    "$screen_bg_content": "feed_common.feed_common_background"
  },

  "screenshotpicker_screen_content": {
    "modifications": [
      {
        "control_name": "transparent_background_instance",
        "operation": "remove"
      }
    ]
  }
}