{
  "content_view/content_view_stack/main_view_content/screen_content": {
    "max_size": "$sidebar_main_view_content_max_size"
  },

  "content_view/content_view_stack": {
    "$sidebar_main_view_content_max_size|default": [ "100%", "100%" ]
  },

  "edge_bar": {
    "size": [ 1, "150%" ],
    "layer": 3
  },

  "simple_root_section": {
    "modifications": [
      {
        "array_name": "controls",
        "operation": "insert_back",
        "value": [
          {
            "bottom_left_sidebar_bg_outer_matrix@sidebar_navigation.sidebar_bg": {
              "anchor_from": "bottom_right",
              "anchor_to": "top_right",
              "size": [ "105%", "40%" ],
              "layer": 1
            }
          }
        ]
      }
    ]
  },

  "verbose_sidebar_expanded_section_panel": {
    "$sidebar_bg_color": "$sidebar_expanded_section_bg_color"
  },

  "sidebar_section": {
    "modifications": [
      {
        "array_name": "controls",
        "operation": "insert_back",
        "value": [
          {
            "bottom_bg_outer_matrix": {
              "type": "panel",
              "size": [ 0, "100%" ],
              "controls": [
                {
                  "panel": {
                    "type": "panel",
                    "size": [ "100%", "40%" ],
                    "anchor_from": "bottom_right",
                    "anchor_to": "top_right",
                    "offset": [ -1, 0 ],
                    "controls": [
                      {
                        "bottom_bg_outer_matrix@sidebar_navigation.sidebar_bg": {
                          "size": "$sidebar_view_size",
                          "anchor_from": "top_right",
                          "anchor_to": "top_right"
                        }
                      }
                    ]
                  }
                }
              ]
            }
          }
        ]
      }
    ]
  },

  "sidebar_section_factory_panel": {
    "modifications": [
      {
        "array_name": "controls",
        "operation": "insert_front",
        "value": [
          {
            "left_sidebar_bg_outer_matrix_panel": {
              "type": "panel",
              "size": [ 0, "100%" ],
              "anchor_from": "top_left",
              "anchor_to": "top_left",
              "controls": [
                {
                  "left_sidebar_bg_outer_matrix@sidebar_navigation.sidebar_bg": {
                    "anchor_from": "top_right",
                    "anchor_to": "top_right",
                    "size": [ "30%y", "140%" ]
                  }
                }
              ]
            }
          }
        ]
      }
    ]
  },

  "sidebar_views": {
    "layer": 210,
    "modifications": [
      {
        "array_name": "controls",
        "operation": "insert_back",
        "value": [
          {
            "bottom_sidebar_bg_outer_matrix_panel": {
              "type": "panel",
              "size": [ 0, "100%" ],
              "anchor_from": "top_left",
              "anchor_to": "top_left",
              "$section_visibility_binding_name": "#is_simple_sidebar_state_active",
              "bindings": [
                {
                  "binding_name": "$section_visibility_binding_name",
                  "binding_name_override": "#visible"
                }
              ],
              "controls": [
                {
                  "bottom_left_sidebar_bg_outer_matrix@sidebar_navigation.sidebar_bg": {
                    "anchor_from": "bottom_left",
                    "anchor_to": "top_left",
                    "size": [ 30, "20%" ]
                  }
                }
              ]
            }
          }
        ]
      }
    ]
  }
}