{
  "sort_menu_first_button_content_panel/labels_stack_panel": {
    "size": [ "fill", "100%" ]
  },

  "sort_menu_first_button_content_panel/labels_padding_x_image": {
    "size": [ 8, "100%" ]
  },

  "sort_menu_screen_content": {
    "modifications": [
      {
        "control_name": "sort_menu_main",
        "operation": "replace",
        "value": [
          {
            "sort_menu_main": {
              "type": "panel",
              "max_size": "$store_filter_or_sort_menu_panel_max_size",
              "$store_filter_or_sort_menu_panel_max_size|default": [ 800, "100%" ],
              "controls": [
                {
                  "sort_menu_main@sort_menu.sort_menu_panel": {}
                }
              ]
            }
          }
        ]
      }
    ]
  }
}