{
  "filter_menu_screen_content": {
    "modifications": [
      {
        "control_name": "filter_main_panel",
        "operation": "replace",
        "value": [
          {
            "filter_main_panel": {
              "type": "panel",
              "max_size": "$store_filter_or_sort_menu_panel_max_size",
              "$store_filter_or_sort_menu_panel_max_size|default": [ 800, "100%" ],
              "controls": [
                {
                  "filter_main_panel@filter_menu.filter_menu_panel": {}
                }
              ]
            }
          }
        ]
      }
    ]
  }
}