{
  "storage_search_and_multiselect_button_panel": {
    "type": "stack_panel",
    "orientation": "horizontal",
    "size": [ "100%", 20 ],
    "controls": [
      {
        "storage_search_text_box@common.text_edit_box": {
          "layer": 5,
          "size": [ "fill", 20 ],
          "$text_box_name": "storage_search_text_box",
          "$text_edit_text_control": "storage_search_text_box_text_control",
          "$place_holder_control": "storage_management.pack_search_text_box_place_holder_control",
          "$place_holder_text": "realmsSettingsScreen.searchBox",
          "max_length": 50,
          "$text_edit_box_label_size": [ "default", 10 ],
          "focus_wrap_enabled": false
        }
      },
      {
        "padding_middle": {
          "type": "panel",
          "size": [ 2, 0 ]
        }
      },
      {
        "multiselect_button@common_toggles.light_image_toggle": {
          "$toggle_name": "toggle.enableMultiselect",
          "$button_content": "storage_management.generic_button",
          "$button_texture": "textures/ui/multiselection",
          "$focus_override_right": "FOCUS_OVERRIDE_STOP",
          "$focus_override_up": "FOCUS_OVERRIDE_STOP",

          "size": [ 150, "100%" ]
        }
      }
    ]
  },

  "clear_cache_button@common_buttons.light_text_button": {
    "size": [ "100%", 20 ],
    "offset": [ 0, 0 ],
    "$pressed_button_name": "button.clear_cache",
    "$button_text": "options.dev_clearStoreCache",
    "$focus_override_right": "FOCUS_OVERRIDE_STOP"
  },

  "storage_header_panel/header_panel": {
    "controls": [
      {
        "panel@storage_management.storage_search_and_multiselect_button_panel": {}
      },
      {
        "clear_cache_button_panel": {
          "type": "panel",
          "size": [ "100%", "100%c + 2px" ],
          "controls": [
            { "clear_cache_button@storage_management.clear_cache_button": {} }
          ]
        }
      }
    ]
  },

  "file_storage_panel": {
    "type": "panel",
    "size": [ "100% - 4px", "100%c + 4px" ],
    "bindings": [
      {
        "binding_name": "#multiselectEnabled"
      },
      {
        "binding_type": "view",
        "source_control_name": "floating_file_storage_selector_toggle",
        "source_property_name": "#toggle_state",
        "target_property_name": "#ffss_toggle_state"
      },
      {
        "binding_type": "view",
        "source_property_name": "(not #multiselectEnabled and #ffss_toggle_state)",
        "target_property_name": "#visible"
      }
    ],
    "controls": [
      {
        "file_storage_dropdown@settings_common.option_dropdown": {
          "offset": [ -2, 0 ],
          "$option_label": "options.filelocation.title",
          "ignored": "($is_holographic and $is_reality_mode)",
          "visible": "($storage_location_switch_enabled and not $gear_vr)",
          "$dropdown_content": "general_section.file_storage_location_content",
          "$dropdown_area": "content_area",
          "$dropdown_name": "file_storage_location",
          "$option_enabled_binding_name": "#file_storage_location_enabled",
          "$options_dropdown_toggle_label_binding": "#file_storage_location_toggle_label",
          "$dropdown_scroll_content_size": [ "100%", "200%" ]
        }
      }
    ]
  },

  "floating_file_storage_selector_toggle_content": {
    "type": "image",
    "texture": "textures/ui/storageIcon",
    "color": "$text_color",
    "size": [ 17, 16 ],
    "controls": [
      {
        "floating_file_storage_selector_tooltip@storage_management.floating_file_storage_selector_tooltip": {
          "ignored": "($toggle_unchecked or $toggle_checked)"
        }
      }
    ]
  },

  "floating_file_storage_selector_tooltip": {
    "type": "panel",
    "size": [ "200px", "100%cm + 16px" ],
    "anchor_from": "bottom_right",
    "anchor_to": "bottom_right",
    "controls": [
      {
        "navigator_tip@common.static_tooltip_popup_with_image_and_text": {
          "$tooltip_panel_size": [ "100%", "100%cm + 8px" ],
          "anchor_from": "bottom_right",
          "anchor_to": "bottom_right",
          "$tooltip_panel_offset": [ 7, -32 ],
          "$tooltip_popup_image": "textures/ui/infobulb",
          "$tooltip_button_binding_type": "none",
          "$tooltip_button_collection_name": "",
          "$tooltip_text_binding_name": "storageManager.floatingFileStorageSelector.tooltip",
          "$tooltip_chevron_anchor": "bottom_right",
          "$tooltip_popup_chevron_offset": [ "-30%x", "100%y - 3px" ]
        }
      }
    ]
  },

  "floating_button_panel": {
    "ignored": "($is_holographic and $is_reality_mode)",
    "visible": "($storage_location_switch_enabled and not $gear_vr)",
    "type": "panel",
    "size": [ "100%", 0 ],
    "anchor_from": "top_middle",
    "anchor_to": "top_middle",
    "layer": 100,
    "controls": [
      {
        "toggle_panel": {
          "type": "panel",
          "size": [ 24, 24 ],
          "anchor_from": "top_right",
          "anchor_to": "bottom_right",
          "offset": [ -10, -4 ],
          "bindings": [
            {
              "binding_name": "(not #multiselectEnabled)",
              "binding_name_override": "#visible"
            }
          ],
          "controls": [
            {
              "floating_file_storage_selector_toggle@common_toggles.light_content_toggle_visibility_one_button_state": {
                "size": [ 24, 24 ],
                "$button_content": "storage_management.floating_file_storage_selector_toggle_content",
                "$toggle_name": "floating_file_storage_selector_toggle",
                "$toggle_group_forced_index": 131
              }
            }
          ]
        }
      }
    ]
  },

  "storage_footer_panel": {
    "modifications": [
      {
        "array_name": "controls",
        "operation": "insert_front",
        "value": [
          {
            "file_storage_panel@storage_management.file_storage_panel": {}
          },
          {
            "floating_button_panel@storage_management.floating_button_panel": {}
          }
        ]
      }
    ]
  },
  "storage_scroll_pane/category_stack_panel/stack_panel": {
    "size": [ "100%", "100%c" ]
  },

  "storage_scroll_pane/multiselect_padding": {
    "bindings": []
  },
  
  "pack_search_text_box_place_holder_control": {
    "type": "panel",
    "controls": [
      {
        "search_icon": {
          "type": "image",
          "anchor_from": "left_middle",
          "anchor_to": "left_middle",
          "size": [ 16, 16 ],
          "offset": [ 0, 1 ],
          "texture": "textures/ui/magnifyingGlass",
          "alpha": 0.5
        }
      },
      {
        "place_holder_text@common.text_edit_box_place_holder_label": {
          "anchor_from": "left_middle",
          "anchor_to": "left_middle",
          "offset": [ 18, 0 ]
        }
      }
    ]
  },

  "generic_button/picture": {
    "size": [ 13, 13 ]
  },

  "generic_button/text": {
    "offset": [ 17, 0 ],
    "size": [ "100% - 17px", "default" ]
  },

  "resource_toggle/item_button_panel/y_sizing_panel/border/button_panel/generate_texture_list_panel/generate_texture_list_button": {
    "ignored": "(not ($panel_prefix = resource))",
    "$button_content": "storage_management.generate_texture_list_icon"
  },

  "generate_texture_list_icon": {
    "type": "panel",
    "size": [ 24, 24 ],
    "controls": [
      {
        "list_image": {
          "type": "image",
          "texture": "textures/ui/multiselection",
          "size": [ 13, 13 ],
          "anchor_from": "bottom_right",
          "anchor_to": "bottom_right",
          "layer": 2
        }
      },
      {
        "paintBrush_icon": {
          "type": "image",
          "texture": "textures/ui/mashup_PaintBrush",
          "size": [ 24, 24 ],
          "layer": 1
        }
      },
      {
        "button_tip": {
          "visible": "($hover_state or $pressed_state)",
          "type": "image",
          "allow_clipping": false,
          "texture": "textures/ui/greyBorder",
          "layer": 50,
          "size": [ "100%cm + 8px", "100%cm + 8px" ],
          "anchor_from": "top_middle",
          "anchor_to": "bottom_middle",
          "offset": "$panel_offset",
          "$panel_offset|default": [ 0, -16 ],
          "variables": [
            {
              "requires": "$pressed_state",
              "$panel_offset": [ 0, -17 ]
            }
          ],
          "controls": [
            {
              "tip_label": {
                "type": "label",
                "text": "Generate textures_list.json",
                "layer": 4
              }
            },
            {
              "chevron": {
                "type": "image",
                "texture": "textures/ui/down_tip_Chevron",
                "layer": 1,
                "size": [ 19, 13 ],
                "offset": [ 0, -4 ],
                "anchor_from": "bottom_middle",
                "anchor_to": "top_middle"
              }
            }
          ]
        }
      }
    ]
  },

  "resource_toggle": {
    "modifications": [
      {
        "control_name": "content_toggle",
        "operation": "insert_after",
        "value": [
          {
            "content_path_location_panel": {
              "type": "panel",
              "size": [ "100%", "100%cm" ],
              "layer": 1,
              "visible": false,
              "bindings": [
                {
                  "binding_type": "collection",
                  "binding_name_override": "#visible",
                  "binding_name": "('#' + $panel_prefix + _optionsVisible)",
                  "binding_collection_name": "($panel_prefix + _panel)"
                }
              ],
              "controls": [
                {
                  "content_path_location": {
                    "type": "image",
                    "texture": "textures/ui/Black",
                    "size": [ "100% - 2px", "100%c + 8px" ],
                    "alpha": 0.8,
                    "variables": [
                      {
                        "requires": "(not (($panel_prefix = 'world') or ($panel_prefix = 'world_template')))",
                        "$button_texture": "('#' + $panel_prefix + _texture)"
                      },
                      {
                        "requires": "(($panel_prefix = 'world') or ($panel_prefix = 'world_template'))",
                        "$button_texture": "('#' + $panel_prefix + _icon_texture)"
                      }
                    ],
                    "controls": [
                      {
                        "path_label": {
                          "type": "label",
                          "text": "#text",
                          "size": [ "100% - 20px", "default" ],
                          "layer": 4,
                          "hide_hyphen": true,
                          "font_type": "smooth",
                          "$button_texture|default": "",
                          "$texture_binding_collection|default": "($panel_prefix + _panel)",
                          "bindings": [
                            {
                              "binding_type": "collection",
                              "binding_collection_name": "$texture_binding_collection",
                              "binding_name": "$button_texture",
                              "binding_name_override": "#icon_texture_path"
                            },
                            {
                              "binding_type": "collection_details"
                            },
                            {
                              "binding_type": "view",
                              "source_property_name":"('§zLocation: ' + #icon_texture_path - '/pack_icon.png' - '/world_icon.jpeg')",
                              "target_property_name": "#text"
                            }
                          ]
                        }
                      }
                    ]
                  }
                }
              ]
            }
          }
        ]
      }
    ]
  },

  "resource_sub_item": {
    "bindings": [
      {
        "binding_type": "collection_details"
      },
      {
        "binding_type": "collection",
        "binding_name": "('#sub_' + $panel_prefix + _name)",
        "binding_collection_name": "($panel_prefix + _panel)",
        "binding_name_override": "#sub_item_name"
      },
      {
        "binding_type": "view",
        "source_control_name": "storage_search_text_box_text_control",
        "source_property_name": "#item_name",
        "target_property_name": "#output_text"
      },
      {
        "binding_type": "view",
        "source_property_name": "('§z' + #sub_item_name - '§0' - '§1' - '§2' - '§3' - '§4' - '§5' - '§6' - '§7' - '§8' - '§9' - '§a' - '§b' - '§c' - '§d' - '§e' - '§f' - '§g' - '§h' - '§i' - '§j' - '§k' - '§l' - '§m' - '§n' - '§o' - '§p' - '§q' - '§r' - '§s' - '§t' - '§u')",
        "target_property_name": "#filtered_sub_item_name"
      },
      {
        "binding_type": "view",
        "source_property_name": "((not ((#filtered_sub_item_name - #output_text) = #filtered_sub_item_name)) or (#output_text = ''))",
        "target_property_name": "#visible"
      }
    ]
  }
}