{
  "standard_title_label": {
    "$title_font_type|default": "normal",
    "$title_color|default": "$title_text_color",
    "$title_font_scale_factor|default": 1,
    "$title_size|default": [ "default", 10 ],
    "font_type": "$title_font_type",
    "color": "$title_color",
    "font_scale_factor": "$title_font_scale_factor",
    "size": "$title_size",
    "variables": [
      {
        "requires": "$default_title_panel",
        "$title_font_type": "MinecraftTen",
        "$title_color": "$main_header_text_color",
        "$title_font_scale_factor": 1.5,
        "$title_size": [ "default", "default" ]
      }
    ],
    "modifications": [
      {
        "array_name": "bindings",
        "operation": "insert_back",
        "value": [
          {
            "binding_type": "view",
            "source_property_name": "($text_name - '§l')",
            "target_property_name": "$text_name"
          }
        ]
      }
    ],
    "controls": [
      {
        "fake_shadow_text": {
          "ignored": "(not $default_title_panel)",
          "type": "label",
          "text": "$text_name",
          "offset": [ 0, 1 ],
          "alpha": 0.8,
          "layer": -1,
          "shadow": false,
          "font_type": "$title_font_type",
          "color": [ 0, 0, 0 ],
          "font_scale_factor": "$title_font_scale_factor",
          "size": "$title_size",
          "bindings": [
            {
              "binding_type": "$title_text_binding_type",
              "binding_condition": "$title_binding_condition",
              "binding_name": "$text_name",
              "binding_name_override": "$text_name"
            },
            {
              "binding_type": "view",
              "source_property_name": "($text_name - '§0' - '§1' - '§2' - '§3' - '§4' - '§5' - '§6' - '§7' - '§8' - '§9' - '§a' - '§b' - '§c' - '§d' - '§e' - '§f' - '§g' - '§h' - '§i' - '§j' - '§k' - '§l' - '§m' - '§n' - '§o' - '§p' - '§q' - '§r' - '§s' - '§t' - '§u')",
              "target_property_name": "$text_name"
            }
          ]
        }
      }
    ]
  },

  "title_label": {
    "$default_title_panel|default": false,
    "variables": [
      {
        "requires": "$default_title_panel",
        "$title_size": [ "100%c", "100%c" ],
        "$title_offset": [ 0, 2 ]
      }
    ]
  },

  "main_panel_three_buttons/panel_indent": {
    "size": [ "100%", "100% - 134px" ],
    "offset": [ 0, 26 ]
  },

  "main_panel_three_buttons/title_label": {
    "$default_title_panel": true
  },

  "main_panel_three_buttons": {
    "modifications": [
      {
        "control_name": "common_panel",
        "operation": "replace",
        "value": [
          { "common_panel@common.common_panel_with_transparent_bg_close_button": {} },
          {
            "dialog_top_bar@common.dialog_top_bar": {
              "size": [ "100%", 1 ],
              "anchor_from": "top_middle",
              "anchor_to": "top_middle",
              "offset": [ 0, 25 ],
              "layer": 2
            }
          }
        ]
      }
    ]
  },

  "main_panel_two_buttons/panel_indent": {
    "size": [ "100%", "100% - 102px" ],
    "offset": [ 0, 26 ]
  },

  "main_panel_two_buttons/title_label": {
    "$default_title_panel": true
  },

  "main_panel_two_buttons": {
    "modifications": [
      {
        "control_name": "common_panel",
        "operation": "replace",
        "value": [
          { "common_panel@common.common_panel_with_transparent_bg_close_button": {} },
          {
            "dialog_top_bar@common.dialog_top_bar": {
              "size": [ "100%", 1 ],
              "anchor_from": "top_middle",
              "anchor_to": "top_middle",
              "offset": [ 0, 25 ],
              "layer": 2
            }
          }
        ]
      }
    ]
  },

  "main_panel_one_button/panel_indent": {
    "size": [ "100%", "100% - 68px" ],
    "offset": [ 0, 26 ]
  },

  "main_panel_one_button/title_label": {
    "$default_title_panel": true
  },

  "main_panel_one_button": {
    "modifications": [
      {
        "control_name": "common_panel",
        "operation": "replace",
        "value": [
          { "common_panel@common.common_panel_with_transparent_bg_close_button": {} },
          {
            "dialog_top_bar@common.dialog_top_bar": {
              "size": [ "100%", 1 ],
              "anchor_from": "top_middle",
              "anchor_to": "top_middle",
              "offset": [ 0, 25 ],
              "layer": 2
            }
          }
        ]
      }
    ]
  },

  "main_panel_no_buttons/panel_indent": {
    "offset": [ 0, 26 ]
  },

  "main_panel_no_buttons/title_label": {
    "$default_title_panel": true
  },

  "main_panel_no_buttons": {
    "$panel_indent_size": [ "100%", "100% - 34px" ],
    "modifications": [
      {
        "control_name": "common_panel",
        "operation": "replace",
        "value": [
          { "common_panel@common.common_panel_with_transparent_bg_close_button": {} },
          {
            "dialog_top_bar@common.dialog_top_bar": {
              "size": [ "100%", 1 ],
              "anchor_from": "top_middle",
              "anchor_to": "top_middle",
              "offset": [ 0, 25 ],
              "layer": 2
            }
          }
        ]
      }
    ]
  },

  "main_panel_no_title_no_buttons": {
    "modifications": [
      {
        "control_name": "common_panel",
        "operation": "replace",
        "value": [
          { "common_panel@common.common_panel_with_transparent_bg_close_button": {} }
        ]
      }
    ]
  },

  "main_panel_small_title_one_button/panel_indent": {
    "offset": [ 0, 20 ]
  },

  "main_panel_small_title_one_button/title_label": {
    "$title_offset": [ 0, 0 ],
    "$default_title_panel": true
  },

  "main_panel_small_title_one_button": {
    "$main_panel_size": [ "100%", "100% - 62px" ],
    "modifications": [
      {
        "control_name": "common_panel",
        "operation": "replace",
        "value": [
          { "common_panel@common.common_panel_with_transparent_bg_close_button": {} },
          {
            "dialog_top_bar@common.dialog_top_bar": {
              "size": [ "100%", 1 ],
              "anchor_from": "top_middle",
              "anchor_to": "top_middle",
              "offset": [ 0, 25 ],
              "layer": 2
            }
          }
        ]
      }
    ]
  },

  "dialog_background_invisible@common_dialogs.dialog_background_hollow_common": {
    "$default_title_panel": true,
    "size": [ "100%", "100%c + 31px" ],
    "texture": "",
    "$fill_alpha": 0
  },

  "common_close_button_holder": {
    "type": "stack_panel",
    "visible": "$show_close_button",
    "anchor_from": "top_right",
    "anchor_to": "top_right",
    "size": [ "100%c", "100%c" ],
    "offset": "$close_button_offset",
    "$close_button|default": "common.close_button",
    "controls": [
      {
        "close@$close_button": {
          "layer": 2,
          "ignored": "$use_compact_close_button"
        }
      },
      {
        "compact_close@common.compact_close_button": {
          "layer": 2,
          "ignored": "(not $use_compact_close_button)"
        }
      }
    ]
  },

  "background_image": {
    "texture": "textures/ui/screen_background"
  }
}