{
  "transparent_background_button@common_buttons.transparent_content_button": {
    "$default_button_texture": "",
    "$hover_button_texture": "",
    "$pressed_button_texture": "",
    "$locked_button_texture": "",
    "$pressed_button_name|default": "",
    "$hover_state_border_visible": true,
    "$pressed_state_border_visible": true
  },

  "green_text_button@common_buttons.light_text_button": {
    "$default_button_texture": "textures/ui/button_borderless_lighthover",
    "$default_text_color": "$light_button_hover_text_color"
  },

  "red_text_button@common_buttons.light_text_button": {
    "$default_button_texture": "textures/ui/button_red",
    "$pressed_button_texture": "textures/ui/button_red_pressed",
    "$default_text_color": "$light_button_hover_text_color"
  },

  "green_content_button@common_buttons.light_content_button": {
    "$default_button_texture": "textures/ui/button_borderless_lighthover",
    "$default_text_color": "$light_button_hover_text_color"
  }
}