{
  "namespace": "tyel_percentage_factory",

  "percentage_label_factory": {
    "type": "panel",
    "controls": [
      { "infinity_negative@$percentage_control": { "$min": -100, "$max": 0, "$number_text": "-∞" }},
      { "infinity_positive@$percentage_control": { "$min": 1.001, "$max": 100, "$number_text": "+∞" }},

      { "000@$percentage_control": { "$min": 0.000, "$max": 0.005, "$number_text": "0" }},
      { "001@$percentage_control": { "$min": 0.005, "$max": 0.015, "$number_text": "1" }},
      { "002@$percentage_control": { "$min": 0.015, "$max": 0.025, "$number_text": "2" }},
      { "003@$percentage_control": { "$min": 0.025, "$max": 0.035, "$number_text": "3" }},
      { "004@$percentage_control": { "$min": 0.035, "$max": 0.045, "$number_text": "4" }},
      { "005@$percentage_control": { "$min": 0.045, "$max": 0.055, "$number_text": "5" }},
      { "006@$percentage_control": { "$min": 0.055, "$max": 0.065, "$number_text": "6" }},
      { "007@$percentage_control": { "$min": 0.065, "$max": 0.075, "$number_text": "7" }},
      { "008@$percentage_control": { "$min": 0.075, "$max": 0.085, "$number_text": "8" }},
      { "009@$percentage_control": { "$min": 0.085, "$max": 0.095, "$number_text": "9" }},
      { "010@$percentage_control": { "$min": 0.095, "$max": 0.105, "$number_text": "10" }},
      { "011@$percentage_control": { "$min": 0.105, "$max": 0.115, "$number_text": "11" }},
      { "012@$percentage_control": { "$min": 0.115, "$max": 0.125, "$number_text": "12" }},
      { "013@$percentage_control": { "$min": 0.125, "$max": 0.135, "$number_text": "13" }},
      { "014@$percentage_control": { "$min": 0.135, "$max": 0.145, "$number_text": "14" }},
      { "015@$percentage_control": { "$min": 0.145, "$max": 0.155, "$number_text": "15" }},
      { "016@$percentage_control": { "$min": 0.155, "$max": 0.165, "$number_text": "16" }},
      { "017@$percentage_control": { "$min": 0.165, "$max": 0.175, "$number_text": "17" }},
      { "018@$percentage_control": { "$min": 0.175, "$max": 0.185, "$number_text": "18" }},
      { "019@$percentage_control": { "$min": 0.185, "$max": 0.195, "$number_text": "19" }},
      { "020@$percentage_control": { "$min": 0.195, "$max": 0.205, "$number_text": "20" }},
      { "021@$percentage_control": { "$min": 0.205, "$max": 0.215, "$number_text": "21" }},
      { "022@$percentage_control": { "$min": 0.215, "$max": 0.225, "$number_text": "22" }},
      { "023@$percentage_control": { "$min": 0.225, "$max": 0.235, "$number_text": "23" }},
      { "024@$percentage_control": { "$min": 0.235, "$max": 0.245, "$number_text": "24" }},
      { "025@$percentage_control": { "$min": 0.245, "$max": 0.255, "$number_text": "25" }},
      { "026@$percentage_control": { "$min": 0.255, "$max": 0.265, "$number_text": "26" }},
      { "027@$percentage_control": { "$min": 0.265, "$max": 0.275, "$number_text": "27" }},
      { "028@$percentage_control": { "$min": 0.275, "$max": 0.285, "$number_text": "28" }},
      { "029@$percentage_control": { "$min": 0.285, "$max": 0.295, "$number_text": "29" }},
      { "030@$percentage_control": { "$min": 0.295, "$max": 0.305, "$number_text": "30" }},
      { "031@$percentage_control": { "$min": 0.305, "$max": 0.315, "$number_text": "31" }},
      { "032@$percentage_control": { "$min": 0.315, "$max": 0.325, "$number_text": "32" }},
      { "033@$percentage_control": { "$min": 0.325, "$max": 0.335, "$number_text": "33" }},
      { "034@$percentage_control": { "$min": 0.335, "$max": 0.345, "$number_text": "34" }},
      { "035@$percentage_control": { "$min": 0.345, "$max": 0.355, "$number_text": "35" }},
      { "036@$percentage_control": { "$min": 0.355, "$max": 0.365, "$number_text": "36" }},
      { "037@$percentage_control": { "$min": 0.365, "$max": 0.375, "$number_text": "37" }},
      { "038@$percentage_control": { "$min": 0.375, "$max": 0.385, "$number_text": "38" }},
      { "039@$percentage_control": { "$min": 0.385, "$max": 0.395, "$number_text": "39" }},
      { "040@$percentage_control": { "$min": 0.395, "$max": 0.405, "$number_text": "40" }},
      { "041@$percentage_control": { "$min": 0.405, "$max": 0.415, "$number_text": "41" }},
      { "042@$percentage_control": { "$min": 0.415, "$max": 0.425, "$number_text": "42" }},
      { "043@$percentage_control": { "$min": 0.425, "$max": 0.435, "$number_text": "43" }},
      { "044@$percentage_control": { "$min": 0.435, "$max": 0.445, "$number_text": "44" }},
      { "045@$percentage_control": { "$min": 0.445, "$max": 0.455, "$number_text": "45" }},
      { "046@$percentage_control": { "$min": 0.455, "$max": 0.465, "$number_text": "46" }},
      { "047@$percentage_control": { "$min": 0.465, "$max": 0.475, "$number_text": "47" }},
      { "048@$percentage_control": { "$min": 0.475, "$max": 0.485, "$number_text": "48" }},
      { "049@$percentage_control": { "$min": 0.485, "$max": 0.495, "$number_text": "49" }},
      { "050@$percentage_control": { "$min": 0.495, "$max": 0.505, "$number_text": "50" }},
      { "051@$percentage_control": { "$min": 0.505, "$max": 0.515, "$number_text": "51" }},
      { "052@$percentage_control": { "$min": 0.515, "$max": 0.525, "$number_text": "52" }},
      { "053@$percentage_control": { "$min": 0.525, "$max": 0.535, "$number_text": "53" }},
      { "054@$percentage_control": { "$min": 0.535, "$max": 0.545, "$number_text": "54" }},
      { "055@$percentage_control": { "$min": 0.545, "$max": 0.555, "$number_text": "55" }},
      { "056@$percentage_control": { "$min": 0.555, "$max": 0.565, "$number_text": "56" }},
      { "057@$percentage_control": { "$min": 0.565, "$max": 0.575, "$number_text": "57" }},
      { "058@$percentage_control": { "$min": 0.575, "$max": 0.585, "$number_text": "58" }},
      { "059@$percentage_control": { "$min": 0.585, "$max": 0.595, "$number_text": "59" }},
      { "060@$percentage_control": { "$min": 0.595, "$max": 0.605, "$number_text": "60" }},
      { "061@$percentage_control": { "$min": 0.605, "$max": 0.615, "$number_text": "61" }},
      { "062@$percentage_control": { "$min": 0.615, "$max": 0.625, "$number_text": "62" }},
      { "063@$percentage_control": { "$min": 0.625, "$max": 0.635, "$number_text": "63" }},
      { "064@$percentage_control": { "$min": 0.635, "$max": 0.645, "$number_text": "64" }},
      { "065@$percentage_control": { "$min": 0.645, "$max": 0.655, "$number_text": "65" }},
      { "066@$percentage_control": { "$min": 0.655, "$max": 0.665, "$number_text": "66" }},
      { "067@$percentage_control": { "$min": 0.665, "$max": 0.675, "$number_text": "67" }},
      { "068@$percentage_control": { "$min": 0.675, "$max": 0.685, "$number_text": "68" }},
      { "069@$percentage_control": { "$min": 0.685, "$max": 0.695, "$number_text": "69" }},
      { "070@$percentage_control": { "$min": 0.695, "$max": 0.705, "$number_text": "70" }},
      { "071@$percentage_control": { "$min": 0.705, "$max": 0.715, "$number_text": "71" }},
      { "072@$percentage_control": { "$min": 0.715, "$max": 0.725, "$number_text": "72" }},
      { "073@$percentage_control": { "$min": 0.725, "$max": 0.735, "$number_text": "73" }},
      { "074@$percentage_control": { "$min": 0.735, "$max": 0.745, "$number_text": "74" }},
      { "075@$percentage_control": { "$min": 0.745, "$max": 0.755, "$number_text": "75" }},
      { "076@$percentage_control": { "$min": 0.755, "$max": 0.765, "$number_text": "76" }},
      { "077@$percentage_control": { "$min": 0.765, "$max": 0.775, "$number_text": "77" }},
      { "078@$percentage_control": { "$min": 0.775, "$max": 0.785, "$number_text": "78" }},
      { "079@$percentage_control": { "$min": 0.785, "$max": 0.795, "$number_text": "79" }},
      { "080@$percentage_control": { "$min": 0.795, "$max": 0.805, "$number_text": "80" }},
      { "081@$percentage_control": { "$min": 0.805, "$max": 0.815, "$number_text": "81" }},
      { "082@$percentage_control": { "$min": 0.815, "$max": 0.825, "$number_text": "82" }},
      { "083@$percentage_control": { "$min": 0.825, "$max": 0.835, "$number_text": "83" }},
      { "084@$percentage_control": { "$min": 0.835, "$max": 0.845, "$number_text": "84" }},
      { "085@$percentage_control": { "$min": 0.845, "$max": 0.855, "$number_text": "85" }},
      { "086@$percentage_control": { "$min": 0.855, "$max": 0.865, "$number_text": "86" }},
      { "087@$percentage_control": { "$min": 0.865, "$max": 0.875, "$number_text": "87" }},
      { "088@$percentage_control": { "$min": 0.875, "$max": 0.885, "$number_text": "88" }},
      { "089@$percentage_control": { "$min": 0.885, "$max": 0.895, "$number_text": "89" }},
      { "090@$percentage_control": { "$min": 0.895, "$max": 0.905, "$number_text": "90" }},
      { "091@$percentage_control": { "$min": 0.905, "$max": 0.915, "$number_text": "91" }},
      { "092@$percentage_control": { "$min": 0.915, "$max": 0.925, "$number_text": "92" }},
      { "093@$percentage_control": { "$min": 0.925, "$max": 0.935, "$number_text": "93" }},
      { "094@$percentage_control": { "$min": 0.935, "$max": 0.945, "$number_text": "94" }},
      { "095@$percentage_control": { "$min": 0.945, "$max": 0.955, "$number_text": "95" }},
      { "096@$percentage_control": { "$min": 0.955, "$max": 0.965, "$number_text": "96" }},
      { "097@$percentage_control": { "$min": 0.965, "$max": 0.975, "$number_text": "97" }},
      { "098@$percentage_control": { "$min": 0.975, "$max": 0.985, "$number_text": "98" }},
      { "099@$percentage_control": { "$min": 0.985, "$max": 0.995, "$number_text": "99" }},
      { "100@$percentage_control": { "$min": 0.995, "$max": 1.001, "$number_text": "100" }}
    ]
  }
}